id,id_fantacalcio,nome,squadra_fc,id_giocatore,aggiornato_il
4181,5585,Malen,ROM,,2026-09-22 22:14:31.097902+00:00
4182,2764,Martinez L.,INT,,2026-09-22 22:14:31.097902+00:00
4183,4871,Thuram,INT,,2026-09-22 22:14:31.097902+00:00
4184,6875,Paz N.,COM,,2026-09-22 22:14:31.097902+00:00
4185,254,Dimarco,INT,,2026-09-22 22:14:31.097902+00:00
4186,2194,Calhanoglu,INT,,2026-09-22 22:14:31.097902+00:00
4187,6052,Hojlund,NAP,,2026-09-22 22:14:31.097902+00:00
4188,2423,Pulisic,MIL,,2026-09-22 22:14:31.097902+00:00
4189,6397,Ramos G.,MIL,,2026-09-22 22:14:31.097902+00:00
4190,2379,Rabiot,MIL,,2026-09-22 22:14:31.097902+00:00
4191,4777,McTominay,NAP,,2026-09-22 22:14:31.097902+00:00
4192,2167,Orsolini,BOL,,2026-09-22 22:14:31.097902+00:00
4193,2097,Kean,COM,,2026-09-22 22:14:31.097902+00:00
4194,5951,Kolo Muani,JUV,,2026-09-22 22:14:31.097902+00:00
4195,7017,Douvikas,COM,,2026-09-22 22:14:31.097902+00:00
4196,6752,Woltemade,JUV,,2026-09-22 22:14:31.097902+00:00
4197,7126,Baturina,COM,,2026-09-22 22:14:31.097902+00:00
4198,6434,Yildiz,JUV,,2026-09-22 22:14:31.097902+00:00
4199,7556,Mora,ROM,,2026-09-22 22:14:31.097902+00:00
4200,2137,Scamacca,ATA,,2026-09-22 22:14:31.097902+00:00
4201,5841,Svilar,ROM,,2026-09-22 22:14:31.097902+00:00
4202,5637,Davis K.,UDI,,2026-09-22 22:14:31.097902+00:00
4203,1870,Barella,INT,,2026-09-22 22:14:31.097902+00:00
4204,7071,Esposito F.P.,INT,,2026-09-22 22:14:31.097902+00:00
4205,632,Zaccagni,LAZ,,2026-09-22 22:14:31.097902+00:00
4206,4510,Leao,MIL,,2026-09-22 22:14:31.097902+00:00
4207,7181,Wesley,ROM,,2026-09-22 22:14:31.097902+00:00
4208,531,Berardi,SAS,,2026-09-22 22:14:31.097902+00:00
4209,5559,Da Cunha,COM,,2026-09-22 22:14:31.097902+00:00
4210,2788,Bremer,JUV,,2026-09-22 22:14:31.097902+00:00
4211,2517,De Bruyne,NAP,,2026-09-22 22:14:31.097902+00:00
4212,309,Dybala,ROM,,2026-09-22 22:14:31.097902+00:00
4213,4998,Molina N.,ROM,,2026-09-22 22:14:31.097902+00:00
4214,4431,Carnesecchi,ATA,,2026-09-22 22:14:31.097902+00:00
4215,6435,Krstovic,ATA,,2026-09-22 22:14:31.097902+00:00
4216,7023,Pellegrino M.,FIO,,2026-09-22 22:14:31.097902+00:00
4217,5734,Soulè,ROM,,2026-09-22 22:14:31.097902+00:00
4218,6060,Laurientè,SAS,,2026-09-22 22:14:31.097902+00:00
4219,2766,Zaniolo,UDI,,2026-09-22 22:14:31.097902+00:00
4220,4964,Vicario,JUV,,2026-09-22 22:14:31.097902+00:00
4221,5995,De Ketelaere,ATA,,2026-09-22 22:14:31.097902+00:00
4222,6675,Dovbyk,BOL,,2026-09-22 22:14:31.097902+00:00
4223,4973,McKennie,JUV,,2026-09-22 22:14:31.097902+00:00
4224,4312,Maignan,MIL,,2026-09-22 22:14:31.097902+00:00
4225,4409,Rrahmani,NAP,,2026-09-22 22:14:31.097902+00:00
4226,2296,Mancini,ROM,,2026-09-22 22:14:31.097902+00:00
4227,6372,Moreira,MIL,,2026-09-22 22:14:31.097902+00:00
4228,5119,Samardzic,ATA,,2026-09-22 22:14:31.097902+00:00
4229,4371,Raspadori,ATA,,2026-09-22 22:14:31.097902+00:00
4230,4463,Esposito Se.,SAS,,2026-09-22 22:14:31.097902+00:00
4231,6967,Diao,COM,,2026-09-22 22:14:31.097902+00:00
4232,6908,Atta,FIO,,2026-09-22 22:14:31.097902+00:00
4233,5116,Martinez Jo.,INT,,2026-09-22 22:14:31.097902+00:00
4234,4159,Akanji,INT,,2026-09-22 22:14:31.097902+00:00
4235,6884,Conceicao,JUV,,2026-09-22 22:14:31.097902+00:00
4236,5589,Konè M.,ROM,,2026-09-22 22:14:31.097902+00:00
4237,6684,Ekkelenkamp,UDI,,2026-09-22 22:14:31.097902+00:00
4238,7078,Mastantuono,FIO,,2026-09-22 22:14:31.097902+00:00
4239,5792,Ederson D.S.,ATA,,2026-09-22 22:14:31.097902+00:00
4240,4360,Caprile,CAG,,2026-09-22 22:14:31.097902+00:00
4241,6966,Butez,COM,,2026-09-22 22:14:31.097902+00:00
4242,5800,Gudmundsson A.,LAZ,,2026-09-22 22:14:31.097902+00:00
4243,2120,Bastoni,INT,,2026-09-22 22:14:31.097902+00:00
4244,6217,Bisseck,INT,,2026-09-22 22:14:31.097902+00:00
4245,152,Zielinski,INT,,2026-09-22 22:14:31.097902+00:00
4246,4976,Kalulu,JUV,,2026-09-22 22:14:31.097902+00:00
4247,6482,Mandas,LAZ,,2026-09-22 22:14:31.097902+00:00
4248,7314,Taylor K.,LAZ,,2026-09-22 22:14:31.097902+00:00
4249,5833,Gila,MIL,,2026-09-22 22:14:31.097902+00:00
4250,5022,Pavlovic,MIL,,2026-09-22 22:14:31.097902+00:00
4251,4728,Nkunku,MIL,,2026-09-22 22:14:31.097902+00:00
4252,7351,Santos A.,NAP,,2026-09-22 22:14:31.097902+00:00
4253,6572,Castro S.,ROM,,2026-09-22 22:14:31.097902+00:00
4254,2061,Simeone,TOR,,2026-09-22 22:14:31.097902+00:00
4255,7554,Romero D.,PAR,,2026-09-22 22:14:31.097902+00:00
4256,4179,Gonzalez N.,JUV,,2026-09-22 22:14:31.097902+00:00
4257,5694,Beto,FIO,,2026-09-22 22:14:31.097902+00:00
4258,184,Bernardeschi,BOL,,2026-09-22 22:14:31.097902+00:00
4259,6869,Ramon,COM,,2026-09-22 22:14:31.097902+00:00
4260,1933,Mandragora,TOR,,2026-09-22 22:14:31.097902+00:00
4261,5436,Raimondo,FRO,,2026-09-22 22:14:31.097902+00:00
4262,2848,Frattesi,LAZ,,2026-09-22 22:14:31.097902+00:00
4263,2606,Modric,MIL,,2026-09-22 22:14:31.097902+00:00
4264,2816,Di Lorenzo,NAP,,2026-09-22 22:14:31.097902+00:00
4265,4807,Hermoso,ROM,,2026-09-22 22:14:31.097902+00:00
4266,7347,Bowie,SAS,,2026-09-22 22:14:31.097902+00:00
4267,6956,Solet,UDI,,2026-09-22 22:14:31.097902+00:00
4268,7484,Adams A.,VEN,,2026-09-22 22:14:31.097902+00:00
4269,5172,Jones C.,INT,,2026-09-22 22:14:31.097902+00:00
4270,4896,Maldini,CAG,,2026-09-22 22:14:31.097902+00:00
4271,6151,Perrone,COM,,2026-09-22 22:14:31.097902+00:00
4272,7129,Rodriguez Je.,COM,,2026-09-22 22:14:31.097902+00:00
4273,7472,Calò,FRO,,2026-09-22 22:14:31.097902+00:00
4274,6530,Ghedjemis,FRO,,2026-09-22 22:14:31.097902+00:00
4275,6204,Kvernadze,FRO,,2026-09-22 22:14:31.097902+00:00
4276,2514,Stones,INT,,2026-09-22 22:14:31.097902+00:00
4277,6274,Diouf,INT,,2026-09-22 22:14:31.097902+00:00
4278,7436,Alajbegovic,JUV,,2026-09-22 22:14:31.097902+00:00
4279,5500,Cancellieri,LAZ,,2026-09-22 22:14:31.097902+00:00
4280,4892,Saelemaekers,MIL,,2026-09-22 22:14:31.097902+00:00
4281,4287,Lobotka,NAP,,2026-09-22 22:14:31.097902+00:00
4282,536,Politano,NAP,,2026-09-22 22:14:31.097902+00:00
4283,4317,N'Dicka,ROM,,2026-09-22 22:14:31.097902+00:00
4284,779,Cristante,ROM,,2026-09-22 22:14:31.097902+00:00
4285,6677,Adzic,SAS,,2026-09-22 22:14:31.097902+00:00
4286,5687,Vlasic,TOR,,2026-09-22 22:14:31.097902+00:00
4287,6646,Adams C.,TOR,,2026-09-22 22:14:31.097902+00:00
4288,7551,Schmid,FRO,,2026-09-22 22:14:31.097902+00:00
4289,1850,Kessiè,ATA,,2026-09-22 22:14:31.097902+00:00
4290,7625,Goncalves P.,FIO,,2026-09-22 22:14:31.097902+00:00
4291,5526,Scalvini,ATA,,2026-09-22 22:14:31.097902+00:00
4292,4734,Miranda J.,BOL,,2026-09-22 22:14:31.097902+00:00
4293,7311,Romano,CAG,,2026-09-22 22:14:31.097902+00:00
4294,2521,De Gea,FIO,,2026-09-22 22:14:31.097902+00:00
4295,6531,Jimenez A.,FIO,,2026-09-22 22:14:31.097902+00:00
4296,5750,Ostigard,GEN,,2026-09-22 22:14:31.097902+00:00
4297,5823,Baldanzi,GEN,,2026-09-22 22:14:31.097902+00:00
4298,4923,Colombo,GEN,,2026-09-22 22:14:31.097902+00:00
4299,5877,Carlos Augusto,INT,,2026-09-22 22:14:31.097902+00:00
4300,5761,Zhegrova,JUV,,2026-09-22 22:14:31.097902+00:00
4301,5672,Dia,LAZ,,2026-09-22 22:14:31.097902+00:00
4302,6556,Noslin,LAZ,,2026-09-22 22:14:31.097902+00:00
4303,5504,Coulibaly L.,LEC,,2026-09-22 22:14:31.097902+00:00
4304,4856,Chukwueze,MIL,,2026-09-22 22:14:31.097902+00:00
4305,7485,Mangas,MON,,2026-09-22 22:14:31.097902+00:00
4306,7523,Varela G.,MON,,2026-09-22 22:14:31.097902+00:00
4307,2531,Lukaku,NAP,,2026-09-22 22:14:31.097902+00:00
4308,2038,Pinamonti,LAZ,,2026-09-22 22:14:31.097902+00:00
4309,5555,Kamara H.,UDI,,2026-09-22 22:14:31.097902+00:00
4310,6229,Tourè E.,PAR,,2026-09-22 22:14:31.097902+00:00
4311,7547,Kevin Carlos,CAG,,2026-09-22 22:14:31.097902+00:00
4312,5982,Spence,INT,,2026-09-22 22:14:31.097902+00:00
4313,7600,Osmajic,GEN,,2026-09-22 22:14:31.097902+00:00
4314,133,Skorupski,BOL,,2026-09-22 22:14:31.097902+00:00
4315,6844,Rowe,ATA,,2026-09-22 22:14:31.097902+00:00
4316,4210,Mina,CAG,,2026-09-22 22:14:31.097902+00:00
4317,4870,Adopo,CAG,,2026-09-22 22:14:31.097902+00:00
4318,7414,Kaiki,COM,,2026-09-22 22:14:31.097902+00:00
4319,4359,Piccoli,BOL,,2026-09-22 22:14:31.097902+00:00
4320,6415,Palmisani,FRO,,2026-09-22 22:14:31.097902+00:00
4321,7469,Bracaglia,FRO,,2026-09-22 22:14:31.097902+00:00
4322,6238,Oyono A.,FRO,,2026-09-22 22:14:31.097902+00:00
4323,5514,Vasquez,GEN,,2026-09-22 22:14:31.097902+00:00
4324,7070,Sucic P.,INT,,2026-09-22 22:14:31.097902+00:00
4325,5876,Di Gregorio,JUV,,2026-09-22 22:14:31.097902+00:00
4326,5620,Tavares N.,LAZ,,2026-09-22 22:14:31.097902+00:00
4327,7313,Ratkov,LAZ,,2026-09-22 22:14:31.097902+00:00
4328,6989,Tiago Gabriel,LEC,,2026-09-22 22:14:31.097902+00:00
4329,572,Meret,NAP,,2026-09-22 22:14:31.097902+00:00
4330,4220,Zambo Anguissa,NAP,,2026-09-22 22:14:31.097902+00:00
4331,7223,Vergara,NAP,,2026-09-22 22:14:31.097902+00:00
4332,5862,Valeri,PAR,,2026-09-22 22:14:31.097902+00:00
4333,6190,Pisilli,ROM,,2026-09-22 22:14:31.097902+00:00
4334,2528,Matic,SAS,,2026-09-22 22:14:31.097902+00:00
4335,5844,Thorstvedt,SAS,,2026-09-22 22:14:31.097902+00:00
4336,5735,Volpato,SAS,,2026-09-22 22:14:31.097902+00:00
4337,6680,Karlstrom,UDI,,2026-09-22 22:14:31.097902+00:00
4338,5641,Chalobah T.,COM,,2026-09-22 22:14:31.097902+00:00
4339,6534,Perri,TOR,,2026-09-22 22:14:31.097902+00:00
4340,6042,Lucumì,JUV,,2026-09-22 22:14:31.097902+00:00
4341,5858,Ferguson,BOL,,2026-09-22 22:14:31.097902+00:00
4342,5298,Pobega,BOL,,2026-09-22 22:14:31.097902+00:00
4343,4436,Cambiaghi,BOL,,2026-09-22 22:14:31.097902+00:00
4344,6643,Dallinga,BOL,,2026-09-22 22:14:31.097902+00:00
4345,7274,Zè Pedro,CAG,,2026-09-22 22:14:31.097902+00:00
4346,5701,Obert,CAG,,2026-09-22 22:14:31.097902+00:00
4347,4260,Winks,CAG,,2026-09-22 22:14:31.097902+00:00
4348,7374,Mendy P.,CAG,,2026-09-22 22:14:31.097902+00:00
4349,6867,Valle,COM,,2026-09-22 22:14:31.097902+00:00
4350,5365,Dragusin,FIO,,2026-09-22 22:14:31.097902+00:00
4351,5885,Dodò,FIO,,2026-09-22 22:14:31.097902+00:00
4352,4465,Fagioli,FIO,,2026-09-22 22:14:31.097902+00:00
4353,6294,Ndour,FIO,,2026-09-22 22:14:31.097902+00:00
4354,7467,Calvani,FRO,,2026-09-22 22:14:31.097902+00:00
4355,6814,Norton-Cuffy,GEN,,2026-09-22 22:14:31.097902+00:00
4356,6669,Bonny,INT,,2026-09-22 22:14:31.097902+00:00
4357,4657,Celik,JUV,,2026-09-22 22:14:31.097902+00:00
4358,827,Locatelli,JUV,,2026-09-22 22:14:31.097902+00:00
4359,5562,Thuram K.,JUV,,2026-09-22 22:14:31.097902+00:00
4360,5685,Koopmeiners,JUV,,2026-09-22 22:14:31.097902+00:00
4361,5544,David,JUV,,2026-09-22 22:14:31.097902+00:00
4362,6320,Doekhi,LAZ,,2026-09-22 22:14:31.097902+00:00
4363,6398,Isaksen,LAZ,,2026-09-22 22:14:31.097902+00:00
4364,6593,Akinsanmiro,MON,,2026-09-22 22:14:31.097902+00:00
4365,5878,Colpani,MON,,2026-09-22 22:14:31.097902+00:00
4366,2155,Cutrone,MON,,2026-09-22 22:14:31.097902+00:00
4367,5427,Gutierrez,NAP,,2026-09-22 22:14:31.097902+00:00
4368,1852,Spinazzola,NAP,,2026-09-22 22:14:31.097902+00:00
4369,6664,Delprato,PAR,,2026-09-22 22:14:31.097902+00:00
4370,6207,Almqvist,PAR,,2026-09-22 22:14:31.097902+00:00
4371,5851,Doig,SAS,,2026-09-22 22:14:31.097902+00:00
4372,7036,Bakola,SAS,,2026-09-22 22:14:31.097902+00:00
4373,6642,Coco,TOR,,2026-09-22 22:14:31.097902+00:00
4374,7060,Cacciamani,TOR,,2026-09-22 22:14:31.097902+00:00
4375,5888,Casadei,TOR,,2026-09-22 22:14:31.097902+00:00
4376,6462,Okoye,UDI,,2026-09-22 22:14:31.097902+00:00
4377,4994,Vojvoda,UDI,,2026-09-22 22:14:31.097902+00:00
4378,6821,Hainaut,VEN,,2026-09-22 22:14:31.097902+00:00
4379,6904,Yeboah J.,VEN,,2026-09-22 22:14:31.097902+00:00
4380,6727,Couto,COM,,2026-09-22 22:14:31.097902+00:00
4381,7546,Robinson J.,MON,,2026-09-22 22:14:31.097902+00:00
4382,530,Pellegrini Lo.,ROM,,2026-09-22 22:14:31.097902+00:00
4383,7564,Leysen F.,SAS,,2026-09-22 22:14:31.097902+00:00
4384,7612,Bobcek,FRO,,2026-09-22 22:14:31.097902+00:00
4385,5675,Theate,BOL,,2026-09-22 22:14:31.097902+00:00
4386,4705,Balerdi,ROM,,2026-09-22 22:14:31.097902+00:00
4387,4137,Diego Carlos,PAR,,2026-09-22 22:14:31.097902+00:00
4388,6344,Sanchez Ro.,COM,,2026-09-22 22:14:31.097902+00:00
4389,787,Djimsiti,ATA,,2026-09-22 22:14:31.097902+00:00
4390,554,Zappacosta,ATA,,2026-09-22 22:14:31.097902+00:00
4391,2077,Pasalic,ATA,,2026-09-22 22:14:31.097902+00:00
4392,2765,Odgaard,BOL,,2026-09-22 22:14:31.097902+00:00
4393,6010,Fazzini,CAG,,2026-09-22 22:14:31.097902+00:00
4394,7412,Milla,COM,,2026-09-22 22:14:31.097902+00:00
4395,4952,Monterisi,FRO,,2026-09-22 22:14:31.097902+00:00
4396,5791,Frendrup,GEN,,2026-09-22 22:14:31.097902+00:00
4397,6917,Masini,FRO,,2026-09-22 22:14:31.097902+00:00
4398,4970,Messias,GEN,,2026-09-22 22:14:31.097902+00:00
4399,6164,Vitinha O.,GEN,,2026-09-22 22:14:31.097902+00:00
4400,5520,Cambiaso,JUV,,2026-09-22 22:14:31.097902+00:00
4401,2134,Falcone,LEC,,2026-09-22 22:14:31.097902+00:00
4402,5029,Geubbels,LEC,,2026-09-22 22:14:31.097902+00:00
4403,6496,Bartesaghi,MIL,,2026-09-22 22:14:31.097902+00:00
4404,5838,Birindelli,MON,,2026-09-22 22:14:31.097902+00:00
4405,2170,Milinkovic-Savic V.,NAP,,2026-09-22 22:14:31.097902+00:00
4406,6641,Suzuki,PAR,,2026-09-22 22:14:31.097902+00:00
4407,7529,Koulierakis,ROM,,2026-09-22 22:14:31.097902+00:00
4408,6672,Idzes,SAS,,2026-09-22 22:14:31.097902+00:00
4409,6717,Konè I.,SAS,,2026-09-22 22:14:31.097902+00:00
4410,6495,Comuzzo,TOR,,2026-09-22 22:14:31.097902+00:00
4411,5010,Ismajli,TOR,,2026-09-22 22:14:31.097902+00:00
4412,6827,Njie,FIO,,2026-09-22 22:14:31.097902+00:00
4413,6021,Abankwah,UDI,,2026-09-22 22:14:31.097902+00:00
4414,7272,Gueye,UDI,,2026-09-22 22:14:31.097902+00:00
4415,5507,Busio,VEN,,2026-09-22 22:14:31.097902+00:00
4416,5946,Sow,GEN,,2026-09-22 22:14:31.097902+00:00
4417,7580,Sutalo J.,LAZ,,2026-09-22 22:14:31.097902+00:00
4418,7618,Hutchinson,MIL,,2026-09-22 22:14:31.097902+00:00
4419,7220,Belghali,TOR,,2026-09-22 22:14:31.097902+00:00
4420,5680,Sarr P.,JUV,,2026-09-22 22:14:31.097902+00:00
4421,7620,Zeballos,MON,,2026-09-22 22:14:31.097902+00:00
4422,6833,Mbangula,BOL,,2026-09-22 22:14:31.097902+00:00
4423,7623,Gnonto,FIO,,2026-09-22 22:14:31.097902+00:00
4424,7624,Braganca,TOR,,2026-09-22 22:14:31.097902+00:00
4425,795,El Shaarawy,GEN,,2026-09-22 22:14:31.097902+00:00
4426,6046,Hien,ATA,,2026-09-22 22:14:31.097902+00:00
4427,2640,Kolasinac,ATA,,2026-09-22 22:14:31.097902+00:00
4428,6916,Ahanor,ATA,,2026-09-22 22:14:31.097902+00:00
4429,4364,Gaetano,ATA,,2026-09-22 22:14:31.097902+00:00
4430,5422,Zalewski,ATA,,2026-09-22 22:14:31.097902+00:00
4431,5678,Holm,BOL,,2026-09-22 22:14:31.097902+00:00
4432,4433,Zortea,BOL,,2026-09-22 22:14:31.097902+00:00
4433,7268,Rodriguez Ju.,CAG,,2026-09-22 22:14:31.097902+00:00
4434,6598,Mutandwa,CAG,,2026-09-22 22:14:31.097902+00:00
4435,5036,Caqueret,COM,,2026-09-22 22:14:31.097902+00:00
4436,7332,Bijlow,GEN,,2026-09-22 22:14:31.097902+00:00
4437,218,Perin,JUV,,2026-09-22 22:14:31.097902+00:00
4438,2832,Boga,JUV,,2026-09-22 22:14:31.097902+00:00
4439,460,Romagnoli,LAZ,,2026-09-22 22:14:31.097902+00:00
4440,4459,Rovella,LAZ,,2026-09-22 22:14:31.097902+00:00
4441,6990,Veiga D.,LEC,,2026-09-22 22:14:31.097902+00:00
4442,4502,Gallo,LEC,,2026-09-22 22:14:31.097902+00:00
4443,6549,Pierotti,LEC,,2026-09-22 22:14:31.097902+00:00
4444,7252,Stulic,LEC,,2026-09-22 22:14:31.097902+00:00
4445,4401,Gabbia,MIL,,2026-09-22 22:14:31.097902+00:00
4446,5739,De Winter,MIL,,2026-09-22 22:14:31.097902+00:00
4447,7008,Gimenez,MIL,,2026-09-22 22:14:31.097902+00:00
4448,5882,Mota,MON,,2026-09-22 22:14:31.097902+00:00
4449,5131,Gilmour,NAP,,2026-09-22 22:14:31.097902+00:00
4450,6663,Circati,PAR,,2026-09-22 22:14:31.097902+00:00
4451,6898,Keita M.,PAR,,2026-09-22 22:14:31.097902+00:00
4452,6666,Bernabè,PAR,,2026-09-22 22:14:31.097902+00:00
4453,7526,Comert,TOR,,2026-09-22 22:14:31.097902+00:00
4454,7535,Fitz-Jim,TOR,,2026-09-22 22:14:31.097902+00:00
4455,6218,Oristanio,TOR,,2026-09-22 22:14:31.097902+00:00
4456,7349,Kulenovic,TOR,,2026-09-22 22:14:31.097902+00:00
4457,7198,Piotrowski,UDI,,2026-09-22 22:14:31.097902+00:00
4458,6783,Unai Gomez,UDI,,2026-09-22 22:14:31.097902+00:00
4459,4845,Correia T.,VEN,,2026-09-22 22:14:31.097902+00:00
4460,7449,Rrahmani Al.,VEN,,2026-09-22 22:14:31.097902+00:00
4461,7561,Lontani,PAR,,2026-09-22 22:14:31.097902+00:00
4462,6618,Cissè A.,MIL,,2026-09-22 22:14:31.097902+00:00
4463,7563,Favasuli,NAP,,2026-09-22 22:14:31.097902+00:00
4464,7069,Fortini,TOR,,2026-09-22 22:14:31.097902+00:00
4465,4479,Elmas,ATA,,2026-09-22 22:14:31.097902+00:00
4466,4664,Badiashile,NAP,,2026-09-22 22:14:31.097902+00:00
4467,7619,Monteiro J.,LEC,,2026-09-22 22:14:31.097902+00:00
4468,4147,Caleta-Car,SAS,,2026-09-22 22:14:31.097902+00:00
4469,7621,Sugawara,CAG,,2026-09-22 22:14:31.097902+00:00
4470,6319,Leite,LAZ,,2026-09-22 22:14:31.097902+00:00
4471,4887,Bellanova,ATA,,2026-09-22 22:14:31.097902+00:00
4472,7219,Bernasconi,ATA,,2026-09-22 22:14:31.097902+00:00
4473,7326,Helland,BOL,,2026-09-22 22:14:31.097902+00:00
4474,7212,Heggem,BOL,,2026-09-22 22:14:31.097902+00:00
4475,6054,Moro N.,BOL,,2026-09-22 22:14:31.097902+00:00
4476,6895,Dominguez B.,SAS,,2026-09-22 22:14:31.097902+00:00
4477,7532,Kofler,CAG,,2026-09-22 22:14:31.097902+00:00
4478,1871,Deiola,CAG,,2026-09-22 22:14:31.097902+00:00
4479,6893,Kempf,COM,,2026-09-22 22:14:31.097902+00:00
4480,6678,Liberali,COM,,2026-09-22 22:14:31.097902+00:00
4481,7294,Valdepenas,FIO,,2026-09-22 22:14:31.097902+00:00
4482,7410,Viery,FIO,,2026-09-22 22:14:31.097902+00:00
4483,7464,Oulai,FIO,,2026-09-22 22:14:31.097902+00:00
4484,6506,Fini,FRO,,2026-09-22 22:14:31.097902+00:00
4485,5998,Zerbin,FRO,,2026-09-22 22:14:31.097902+00:00
4486,6660,Marcandalli,GEN,,2026-09-22 22:14:31.097902+00:00
4487,6020,Ellertsson,GEN,,2026-09-22 22:14:31.097902+00:00
4488,4177,Pavard,INT,,2026-09-22 22:14:31.097902+00:00
4489,5301,Luis Henrique,INT,,2026-09-22 22:14:31.097902+00:00
4490,5831,Gatti,JUV,,2026-09-22 22:14:31.097902+00:00
4491,7012,Provstgaard,LAZ,,2026-09-22 22:14:31.097902+00:00
4492,4817,Pedraza,LAZ,,2026-09-22 22:14:31.097902+00:00
4493,2188,Marusic,LAZ,,2026-09-22 22:14:31.097902+00:00
4494,6191,Belahyane,LAZ,,2026-09-22 22:14:31.097902+00:00
4495,4751,Tomori,MIL,,2026-09-22 22:14:31.097902+00:00
4496,2741,Pessina,MON,,2026-09-22 22:14:31.097902+00:00
4497,2724,Buongiorno,NAP,,2026-09-22 22:14:31.097902+00:00
4498,6831,Neres,NAP,,2026-09-22 22:14:31.097902+00:00
4499,7411,Daffara,PAR,,2026-09-22 22:14:31.097902+00:00
4500,6984,Ondrejka,PAR,,2026-09-22 22:14:31.097902+00:00
4501,7342,Elphege,PAR,,2026-09-22 22:14:31.097902+00:00
4502,6631,Ghilardi,ROM,,2026-09-22 22:14:31.097902+00:00
4503,4236,Muric,SAS,,2026-09-22 22:14:31.097902+00:00
4504,6426,Pedersen,TOR,,2026-09-22 22:14:31.097902+00:00
4505,6170,Gineitis,TOR,,2026-09-22 22:14:31.097902+00:00
4506,608,Zapata D.,TOR,,2026-09-22 22:14:31.097902+00:00
4507,6485,Kristensen T.,ATA,,2026-09-22 22:14:31.097902+00:00
4508,5527,Zanoli,UDI,,2026-09-22 22:14:31.097902+00:00
4509,6248,Stankovic F.,VEN,,2026-09-22 22:14:31.097902+00:00
4510,5695,Haps,VEN,,2026-09-22 22:14:31.097902+00:00
4511,5674,Basic,VEN,,2026-09-22 22:14:31.097902+00:00
4512,5319,Sohm,VEN,,2026-09-22 22:14:31.097902+00:00
4513,6994,Perez K.,VEN,,2026-09-22 22:14:31.097902+00:00
4514,7329,Obrador,SAS,,2026-09-22 22:14:31.097902+00:00
4515,7573,Cinquegrano,SAS,,2026-09-22 22:14:31.097902+00:00
4516,7602,Fatah,LEC,,2026-09-22 22:14:31.097902+00:00
4517,5751,Patterson,TOR,,2026-09-22 22:14:31.097902+00:00
4518,2169,Rodriguez R.,TOR,,2026-09-22 22:14:31.097902+00:00
4519,22,De Roon,ROM,,2026-09-22 22:14:31.097902+00:00
4520,5918,Sulemana K.,ATA,,2026-09-22 22:14:31.097902+00:00
4521,7068,Vitik,BOL,,2026-09-22 22:14:31.097902+00:00
4522,7528,Amondarain,BOL,,2026-09-22 22:14:31.097902+00:00
4523,4461,Zappa,CAG,,2026-09-22 22:14:31.097902+00:00
4524,6424,Prati,CAG,,2026-09-22 22:14:31.097902+00:00
4525,6640,Felici,CAG,,2026-09-22 22:14:31.097902+00:00
4526,6243,Borrelli,CAG,,2026-09-22 22:14:31.097902+00:00
4527,6815,Fadera,CAG,,2026-09-22 22:14:31.097902+00:00
4528,7127,Addai,COM,,2026-09-22 22:14:31.097902+00:00
4529,313,Morata,COM,,2026-09-22 22:14:31.097902+00:00
4530,5449,Parisi,FIO,,2026-09-22 22:14:31.097902+00:00
4531,6206,Fabbian,PAR,,2026-09-22 22:14:31.097902+00:00
4532,5757,Cittadini,FRO,,2026-09-22 22:14:31.097902+00:00
4533,7473,Cichella,FRO,,2026-09-22 22:14:31.097902+00:00
4534,7474,Koutsoupias,FRO,,2026-09-22 22:14:31.097902+00:00
4535,2593,Martin,GEN,,2026-09-22 22:14:31.097902+00:00
4536,7341,Amorim,GEN,,2026-09-22 22:14:31.097902+00:00
4537,7409,Meichtry,GEN,,2026-09-22 22:14:31.097902+00:00
4538,2857,Traorè Hj.,GEN,,2026-09-22 22:14:31.097902+00:00
4539,2529,Mkhitaryan,INT,,2026-09-22 22:14:31.097902+00:00
4540,6766,Kelly L.,JUV,,2026-09-22 22:14:31.097902+00:00
4541,4911,Douglas Luiz,JUV,,2026-09-22 22:14:31.097902+00:00
4542,6629,Dele-Bashiru,LAZ,,2026-09-22 22:14:31.097902+00:00
4543,6632,Gaspar K.,LEC,,2026-09-22 22:14:31.097902+00:00
4544,7240,Siebert,LEC,,2026-09-22 22:14:31.097902+00:00
4545,5457,Maleh,LEC,,2026-09-22 22:14:31.097902+00:00
4546,7322,Ngom,LEC,,2026-09-22 22:14:31.097902+00:00
4547,6015,Berisha M.,LEC,,2026-09-22 22:14:31.097902+00:00
4548,7318,Gandelman,LEC,,2026-09-22 22:14:31.097902+00:00
4549,7001,N'Dri,LEC,,2026-09-22 22:14:31.097902+00:00
4550,5273,Estupinan,MIL,,2026-09-22 22:14:31.097902+00:00
4551,4686,Fofana Y.,MIL,,2026-09-22 22:14:31.097902+00:00
4552,7203,Jashari,MIL,,2026-09-22 22:14:31.097902+00:00
4553,5295,Musah,MIL,,2026-09-22 22:14:31.097902+00:00
4554,4199,Loftus-Cheek,MIL,,2026-09-22 22:14:31.097902+00:00
4555,6519,Camarda,MIL,,2026-09-22 22:14:31.097902+00:00
4556,2115,Delli Carri,MON,,2026-09-22 22:14:31.097902+00:00
4557,6659,Lucchesi,MON,,2026-09-22 22:14:31.097902+00:00
4558,7238,Kouadio,MON,,2026-09-22 22:14:31.097902+00:00
4559,4925,Carboni A.,MON,,2026-09-22 22:14:31.097902+00:00
4560,7476,Bakoune,MON,,2026-09-22 22:14:31.097902+00:00
4561,6202,Beukema,NAP,,2026-09-22 22:14:31.097902+00:00
4562,5840,Olivera,NAP,,2026-09-22 22:14:31.097902+00:00
4563,7120,Lang,NAP,,2026-09-22 22:14:31.097902+00:00
4564,6662,Corvi,PAR,,2026-09-22 22:14:31.097902+00:00
4565,7235,Troilo,PAR,,2026-09-22 22:14:31.097902+00:00
4566,7255,Britschgi,PAR,,2026-09-22 22:14:31.097902+00:00
4567,4349,Nicolussi Caviglia,PAR,,2026-09-22 22:14:31.097902+00:00
4568,7213,Frigan,PAR,,2026-09-22 22:14:31.097902+00:00
4569,6986,Rensch,ROM,,2026-09-22 22:14:31.097902+00:00
4570,6271,El Aynaoui,ROM,,2026-09-22 22:14:31.097902+00:00
4571,6005,Ilkhan,TOR,,2026-09-22 22:14:31.097902+00:00
4572,5007,Ilic,LEC,,2026-09-22 22:14:31.097902+00:00
4573,5820,Bertola,UDI,,2026-09-22 22:14:31.097902+00:00
4574,7208,Miller L.,UDI,,2026-09-22 22:14:31.097902+00:00
4575,7253,Bella-Kotchap,VEN,,2026-09-22 22:14:31.097902+00:00
4576,6890,Moreno M.,VEN,,2026-09-22 22:14:31.097902+00:00
4577,4387,Adorante,VEN,,2026-09-22 22:14:31.097902+00:00
4578,7550,Grillitsch,FRO,,2026-09-22 22:14:31.097902+00:00
4579,4375,Terzic,FRO,,2026-09-22 22:14:31.097902+00:00
4580,2012,Milik,JUV,,2026-09-22 22:14:31.097902+00:00
4581,7146,Tourè I.,MON,,2026-09-22 22:14:31.097902+00:00
4582,7610,Birligea,FRO,,2026-09-22 22:14:31.097902+00:00
4583,6145,Ngonge,MON,,2026-09-22 22:14:31.097902+00:00
4584,256,Juan Jesus,VEN,,2026-09-22 22:14:31.097902+00:00
4585,6047,Ehizibue,GEN,,2026-09-22 22:14:31.097902+00:00
4586,5578,Kossounou,ATA,,2026-09-22 22:14:31.097902+00:00
4587,6024,Sulemana I.,SAS,,2026-09-22 22:14:31.097902+00:00
4588,7301,Tornqvist,MON,,2026-09-22 22:14:31.097902+00:00
4589,7014,Smolcic I.,COM,,2026-09-22 22:14:31.097902+00:00
4590,7128,Kuhn,COM,,2026-09-22 22:14:31.097902+00:00
4591,5603,Pongracic,FIO,,2026-09-22 22:14:31.097902+00:00
4592,4378,Ranieri L.,FIO,,2026-09-22 22:14:31.097902+00:00
4593,4947,Brescianini,FIO,,2026-09-22 22:14:31.097902+00:00
4594,6903,Hasa,FRO,,2026-09-22 22:14:31.097902+00:00
4595,7537,Mitaj,GEN,,2026-09-22 22:14:31.097902+00:00
4596,7453,Havel,GEN,,2026-09-22 22:14:31.097902+00:00
4597,5813,Miretti,JUV,,2026-09-22 22:14:31.097902+00:00
4598,7131,Floriani Mussolini,LAZ,,2026-09-22 22:14:31.097902+00:00
4599,333,Cataldi,LAZ,,2026-09-22 22:14:31.097902+00:00
4600,7248,Gorter,LEC,,2026-09-22 22:14:31.097902+00:00
4601,7211,Athekame,MIL,,2026-09-22 22:14:31.097902+00:00
4602,5453,Ricci S.,COM,,2026-09-22 22:14:31.097902+00:00
4603,4485,Thiam,MON,,2026-09-22 22:14:31.097902+00:00
4604,6252,Folorunsho,MON,,2026-09-22 22:14:31.097902+00:00
4605,7162,Giovane,NAP,,2026-09-22 22:14:31.097902+00:00
4606,6215,Lucca,NAP,,2026-09-22 22:14:31.097902+00:00
4607,5307,Valenti,PAR,,2026-09-22 22:14:31.097902+00:00
4608,7138,Ordonez C.,PAR,,2026-09-22 22:14:31.097902+00:00
4609,7209,Sorensen O.,PAR,,2026-09-22 22:14:31.097902+00:00
4610,7536,Diallo O.,PAR,,2026-09-22 22:14:31.097902+00:00
4611,4772,Angelino,ROM,,2026-09-22 22:14:31.097902+00:00
4612,4374,Walukiewicz,SAS,,2026-09-22 22:14:31.097902+00:00
4613,6246,Lipani,SAS,,2026-09-22 22:14:31.097902+00:00
4614,4263,Kabasele,UDI,,2026-09-22 22:14:31.097902+00:00
4615,5994,Ebosse,UDI,,2026-09-22 22:14:31.097902+00:00
4616,7312,Arizala,UDI,,2026-09-22 22:14:31.097902+00:00
4617,7418,Chakvetadze,UDI,,2026-09-22 22:14:31.097902+00:00
4618,6681,Sagrado,VEN,,2026-09-22 22:14:31.097902+00:00
4619,7154,Odenthal,SAS,,2026-09-22 22:14:31.097902+00:00
4620,7599,Lulli,ROM,,2026-09-22 22:14:31.097902+00:00
4621,7579,Massolin,CAG,,2026-09-22 22:14:31.097902+00:00
4622,801,Gagliardini,CAG,,2026-09-22 22:14:31.097902+00:00
4623,7232,Fernandez T.,VEN,,2026-09-22 22:14:31.097902+00:00
4624,5336,Nzola,CAG,,2026-09-22 22:14:31.097902+00:00
4625,5498,Casale,BOL,,2026-09-22 22:14:31.097902+00:00
4626,487,De Silvestri,BOL,,2026-09-22 22:14:31.097902+00:00
4627,7483,Alhassane,BOL,,2026-09-22 22:14:31.097902+00:00
4628,6225,El Azzouzi O.,BOL,,2026-09-22 22:14:31.097902+00:00
4629,7125,Idrissi R.,CAG,,2026-09-22 22:14:31.097902+00:00
4630,7175,Joao Mario,FIO,,2026-09-22 22:14:31.097902+00:00
4631,7540,Akpoguma,FRO,,2026-09-22 22:14:31.097902+00:00
4632,6241,Gelli F.,FRO,,2026-09-22 22:14:31.097902+00:00
4633,6977,Otoa,GEN,,2026-09-22 22:14:31.097902+00:00
4634,7413,Puczka,GEN,,2026-09-22 22:14:31.097902+00:00
4635,791,Sabelli,GEN,,2026-09-22 22:14:31.097902+00:00
4636,6503,Stankovic A.,INT,,2026-09-22 22:14:31.097902+00:00
4637,6822,Ekhator,JUV,,2026-09-22 22:14:31.097902+00:00
4638,6410,Kaba,LEC,,2026-09-22 22:14:31.097902+00:00
4639,7477,Colombo L.,MON,,2026-09-22 22:14:31.097902+00:00
4640,383,Petagna,MON,,2026-09-22 22:14:31.097902+00:00
4641,6638,Marin R.,NAP,,2026-09-22 22:14:31.097902+00:00
4642,7276,Cremaschi,PAR,,2026-09-22 22:14:31.097902+00:00
4643,6985,Candè,SAS,,2026-09-22 22:14:31.097902+00:00
4644,7183,Aboukhlal,TOR,,2026-09-22 22:14:31.097902+00:00
4645,6925,Palma,UDI,,2026-09-22 22:14:31.097902+00:00
4646,7161,Bayo V.,UDI,,2026-09-22 22:14:31.097902+00:00
4647,7249,Buksa,UDI,,2026-09-22 22:14:31.097902+00:00
4648,7538,Halhal,VEN,,2026-09-22 22:14:31.097902+00:00
4649,6892,Schingtienne,VEN,,2026-09-22 22:14:31.097902+00:00
4650,6673,Sverko,VEN,,2026-09-22 22:14:31.097902+00:00
4651,7478,Franjic,VEN,,2026-09-22 22:14:31.097902+00:00
4652,5872,Helgason,VEN,,2026-09-22 22:14:31.097902+00:00
4653,7482,Lauberbach,VEN,,2026-09-22 22:14:31.097902+00:00
4654,6592,Forson O.,MON,,2026-09-22 22:14:31.097902+00:00
4655,7574,Foe Ondoa,MON,,2026-09-22 22:14:31.097902+00:00
4656,7605,Tchato,FRO,,2026-09-22 22:14:31.097902+00:00
4657,6601,Kambwala,COM,,2026-09-22 22:14:31.097902+00:00
4658,7615,Drobnic,PAR,,2026-09-22 22:14:31.097902+00:00
4659,5742,Drameh,GEN,,2026-09-22 22:14:31.097902+00:00
4660,7628,Sierro,PAR,,2026-09-22 22:14:31.097902+00:00
4661,7647,Esteban,LEC,,2026-09-22 22:14:31.097902+00:00
4662,2297,Rossi F.,ATA,,2026-09-22 22:14:31.097902+00:00
4663,4,Sportiello,ATA,,2026-09-22 22:14:31.097902+00:00
4664,7533,Happonen,BOL,,2026-09-22 22:14:31.097902+00:00
4665,7172,Pessina Mas.,BOL,,2026-09-22 22:14:31.097902+00:00
4666,4929,Ciocci,CAG,,2026-09-22 22:14:31.097902+00:00
4667,6650,Sherri,CAG,,2026-09-22 22:14:31.097902+00:00
4668,7346,Raterink,CAG,,2026-09-22 22:14:31.097902+00:00
4669,7165,Liteta,CAG,,2026-09-22 22:14:31.097902+00:00
4670,7338,Albarracin,CAG,,2026-09-22 22:14:31.097902+00:00
4671,7317,Trepy,CAG,,2026-09-22 22:14:31.097902+00:00
4672,2809,Vigorito,COM,,2026-09-22 22:14:31.097902+00:00
4673,418,Goldaniga,COM,,2026-09-22 22:14:31.097902+00:00
4674,7407,Cuenca A.,COM,,2026-09-22 22:14:31.097902+00:00
4675,6896,Van Der Brempt,SAS,,2026-09-22 22:14:31.097902+00:00
4676,7357,Lahdo,COM,,2026-09-22 22:14:31.097902+00:00
4677,7027,Azon,COM,,2026-09-22 22:14:31.097902+00:00
4678,6403,Christensen O.,FIO,,2026-09-22 22:14:31.097902+00:00
4679,158,Lezzerini,FIO,,2026-09-22 22:14:31.097902+00:00
4680,7463,Desplanches,FRO,,2026-09-22 22:14:31.097902+00:00
4681,7466,Lolic,FRO,,2026-09-22 22:14:31.097902+00:00
4682,5424,Amey,FRO,,2026-09-22 22:14:31.097902+00:00
4683,7468,Gelli J.,FRO,,2026-09-22 22:14:31.097902+00:00
4684,7470,Oyono J.,FRO,,2026-09-22 22:14:31.097902+00:00
4685,7471,Corrado,FRO,,2026-09-22 22:14:31.097902+00:00
4686,7456,El Azzouzi A.,FRO,,2026-09-22 22:14:31.097902+00:00
4687,5725,Kone B.,FRO,,2026-09-22 22:14:31.097902+00:00
4688,219,Sommariva,GEN,,2026-09-22 22:14:31.097902+00:00
4689,6569,Stolz,GEN,,2026-09-22 22:14:31.097902+00:00
4690,6245,Vogliacco,GEN,,2026-09-22 22:14:31.097902+00:00
4691,6244,Matturro,GEN,,2026-09-22 22:14:31.097902+00:00
4692,6980,Venturino,GEN,,2026-09-22 22:14:31.097902+00:00
4693,1926,Di Gennaro,INT,,2026-09-22 22:14:31.097902+00:00
4694,2814,Provedel,INT,,2026-09-22 22:14:31.097902+00:00
4695,1930,Pinsoglio,JUV,,2026-09-22 22:14:31.097902+00:00
4696,294,Rugani,JUV,,2026-09-22 22:14:31.097902+00:00
4697,6039,Cabal,JUV,,2026-09-22 22:14:31.097902+00:00
4698,7337,Motta,LAZ,,2026-09-22 22:14:31.097902+00:00
4699,7534,Renzetti,LAZ,,2026-09-22 22:14:31.097902+00:00
4700,327,Patric,LAZ,,2026-09-22 22:14:31.097902+00:00
4701,2263,Lazzari,LAZ,,2026-09-22 22:14:31.097902+00:00
4702,2728,Pellegrini Lu.,LAZ,,2026-09-22 22:14:31.097902+00:00
4703,7345,Przyborek,LAZ,,2026-09-22 22:14:31.097902+00:00
4704,2401,Fruchtl,LEC,,2026-09-22 22:14:31.097902+00:00
4705,6523,Samooja,LEC,,2026-09-22 22:14:31.097902+00:00
4706,6883,Jean,LEC,,2026-09-22 22:14:31.097902+00:00
4707,7164,Perez M.,LEC,,2026-09-22 22:14:31.097902+00:00
4708,7182,Ndaba,LEC,,2026-09-22 22:14:31.097902+00:00
4709,7319,Fofana Sa.,LEC,,2026-09-22 22:14:31.097902+00:00
4710,2815,Terracciano,MIL,,2026-09-22 22:14:31.097902+00:00
4711,6813,Torriani,MIL,,2026-09-22 22:14:31.097902+00:00
4712,7525,Diawara S.,MIL,,2026-09-22 22:14:31.097902+00:00
4713,6682,Pizzignacco,MON,,2026-09-22 22:14:31.097902+00:00
4714,7475,Strajnar,MON,,2026-09-22 22:14:31.097902+00:00
4715,5399,Antov,MON,,2026-09-22 22:14:31.097902+00:00
4716,5880,Ciurria,MON,,2026-09-22 22:14:31.097902+00:00
4717,2845,Contini,NAP,,2026-09-22 22:14:31.097902+00:00
4718,6809,Marianucci,NAP,,2026-09-22 22:14:31.097902+00:00
4719,5481,Mazzocchi,VEN,,2026-09-22 22:14:31.097902+00:00
4720,7202,Ndiaye,PAR,,2026-09-22 22:14:31.097902+00:00
4721,6149,Carboni F.,PAR,,2026-09-22 22:14:31.097902+00:00
4722,7048,De Marzi,ROM,,2026-09-22 22:14:31.097902+00:00
4723,610,Gollini,ROM,,2026-09-22 22:14:31.097902+00:00
4724,7260,Ziolkowski,MON,,2026-09-22 22:14:31.097902+00:00
4725,6981,Vaz,ROM,,2026-09-22 22:14:31.097902+00:00
4726,4518,Russo A.,SAS,,2026-09-22 22:14:31.097902+00:00
4727,4867,Turati,SAS,,2026-09-22 22:14:31.097902+00:00
4728,6189,Missori,SAS,,2026-09-22 22:14:31.097902+00:00
4729,7156,Pieragnolo,SAS,,2026-09-22 22:14:31.097902+00:00
4730,6219,Boloca,SAS,,2026-09-22 22:14:31.097902+00:00
4731,7157,Iannoni,SAS,,2026-09-22 22:14:31.097902+00:00
4732,7158,Moro L.,SAS,,2026-09-22 22:14:31.097902+00:00
4733,7457,Mascardi,TOR,,2026-09-22 22:14:31.097902+00:00
4734,5320,Paleari,TOR,,2026-09-22 22:14:31.097902+00:00
4735,7363,Siviero,TOR,,2026-09-22 22:14:31.097902+00:00
4736,252,Biraghi,TOR,,2026-09-22 22:14:31.097902+00:00
4737,6889,Anjorin,TOR,,2026-09-22 22:14:31.097902+00:00
4738,543,Padelli,UDI,,2026-09-22 22:14:31.097902+00:00
4739,5707,Piana,UDI,,2026-09-22 22:14:31.097902+00:00
4740,7356,Mlacic,UDI,,2026-09-22 22:14:31.097902+00:00
4741,7392,Camara A.,UDI,,2026-09-22 22:14:31.097902+00:00
4742,6212,Zarraga,UDI,,2026-09-22 22:14:31.097902+00:00
4743,6671,Grandi,VEN,,2026-09-22 22:14:31.097902+00:00
4744,7531,Pozzi,VEN,,2026-09-22 22:14:31.097902+00:00
4745,7454,Gomes,VEN,,2026-09-22 22:14:31.097902+00:00
4746,5485,Bjarkason,VEN,,2026-09-22 22:14:31.097902+00:00
4747,7481,Dagasso,VEN,,2026-09-22 22:14:31.097902+00:00
4748,526,Duncan,VEN,,2026-09-22 22:14:31.097902+00:00
4749,7408,Lisman,VEN,,2026-09-22 22:14:31.097902+00:00
4750,7545,Vismara,ATA,,2026-09-22 22:14:31.097902+00:00
4751,2127,Satalino,SAS,,2026-09-22 22:14:31.097902+00:00
4752,7548,Aurelio,CAG,,2026-09-22 22:14:31.097902+00:00
4753,7557,Penev,LEC,,2026-09-22 22:14:31.097902+00:00
4754,7560,Pisseri,FRO,,2026-09-22 22:14:31.097902+00:00
4755,3,Radunovic,CAG,,2026-09-22 22:14:31.097902+00:00
4756,7568,De Martis,PAR,,2026-09-22 22:14:31.097902+00:00
4757,4957,Montipò,VEN,,2026-09-22 22:14:31.097902+00:00
4758,7553,Omar Fayed,FRO,,2026-09-22 22:14:31.097902+00:00
4759,4468,Bleve,LEC,,2026-09-22 22:14:31.097902+00:00
4760,7571,Laerke,LEC,,2026-09-22 22:14:31.097902+00:00
4761,7572,Comotto,MIL,,2026-09-22 22:14:31.097902+00:00
4762,6537,Goglichidze,MON,,2026-09-22 22:14:31.097902+00:00
4763,7396,Macchioni,SAS,,2026-09-22 22:14:31.097902+00:00
4764,7575,Mout,MON,,2026-09-22 22:14:31.097902+00:00
4765,5812,Terracciano F.,MIL,,2026-09-22 22:14:31.097902+00:00
4766,5462,Ciervo,CAG,,2026-09-22 22:14:31.097902+00:00
4767,7603,Grabara,JUV,,2026-09-22 22:14:31.097902+00:00
4768,7604,Maye,MON,,2026-09-22 22:14:31.097902+00:00
4769,7611,Mrozek,UDI,,2026-09-22 22:14:31.097902+00:00
4770,6826,Dembelè A.,LEC,,2026-09-22 22:14:31.097902+00:00
4771,7092,Jovanovic,UDI,,2026-09-22 22:14:31.097902+00:00
4772,2874,Ghidotti,PAR,,2026-09-22 22:14:31.097902+00:00
4773,7622,Robinho Junior,GEN,,2026-09-22 22:14:31.097902+00:00
4774,7626,Pompei,ATA,,2026-09-22 22:14:31.097902+00:00
4775,7627,Enem,BOL,,2026-09-22 22:14:31.097902+00:00
4776,7629,Libra,BOL,,2026-09-22 22:14:31.097902+00:00
4777,5850,Lovric,UDI,,2026-09-22 22:14:31.097902+00:00
