id,giocatore,squadra,dal,al,fonte
1,946,CyberDucks,2026-08-25 10:20:00.064756+00:00,,asta
2,947,ZeroDayz FC,2026-08-14 00:35:00.070913+00:00,,asta
4,1033,FC Pontos,2026-09-05 10:20:00.044024+00:00,,asta
5,1048,Diaolo Porco,2026-09-06 20:23:00.303577+00:00,,asta
12,1010,FC Pontos,2026-08-23 14:46:00.061716+00:00,,asta
15,194,ZeroDayz FC,2026-08-22 14:11:21.201565+00:00,,scambio
22,1020,Diaolo Porco,2026-09-07 22:01:40.392782+00:00,,scambio
25,269,Diablitos FC,2026-08-20 19:05:16.973040+00:00,,scambio
33,307,Sborada,2026-07-21 18:03:43.659794+00:00,,scambio
35,1008,Diablitos FC,2026-08-31 13:58:00.073579+00:00,,asta
39,908,Metodo Monchi FC,2026-07-22 15:22:00.049007+00:00,,asta
40,1040,Sborada,2026-09-06 20:08:00.073137+00:00,,asta
41,1043,Sborada,2026-09-04 10:19:00.057757+00:00,,asta
42,1015,Metodo Monchi FC,2026-08-26 12:05:00.068864+00:00,,asta
45,923,Sborada,2026-08-18 00:11:00.064019+00:00,,asta
50,1052,FC Sovescio,2026-09-06 10:47:00.062073+00:00,,asta
56,1051,Diaolo Porco,2026-09-07 07:26:00.073713+00:00,,asta
60,893,FC Pontos,2026-02-05 22:48:37.076255+00:00,,asta
63,949,CyberDucks,2026-08-26 10:21:00.054301+00:00,,asta
64,795,Diablitos FC,2026-08-07 15:49:00.058848+00:00,,asta
65,960,Al-Colizzati,2026-08-10 18:39:00.083910+00:00,,asta
66,969,AC Ciaccati,2026-09-10 01:11:00.037639+00:00,,asta
67,964,Al-Colizzati,2026-08-12 16:55:00.082090+00:00,,asta
68,744,Metodo Monchi FC,2026-09-11 09:19:00.066552+00:00,,asta
69,256,Sborada,2026-07-05 21:54:05.364908+00:00,,scambio
70,976,AC Ciaccati,2026-09-09 10:16:00.074841+00:00,,asta
71,979,CyberDucks,2026-09-01 18:26:00.047173+00:00,,asta
75,367,FC Pontos,2026-02-05 22:46:45.698083+00:00,,asta
79,890,AC Ciaccati,2026-03-04 07:22:00.024994+00:00,,asta
81,1004,ZeroDayz FC,2026-09-07 22:01:40.392782+00:00,,scambio
83,258,Metodo Monchi FC,2026-07-21 18:03:43.659794+00:00,,scambio
84,986,Sborada,2026-08-12 21:13:00.040254+00:00,,asta
90,233,Metodo Monchi FC,2026-08-22 14:11:09.133156+00:00,,scambio
99,234,Diaolo Porco,2026-01-17 16:12:59.303281+00:00,,asta
100,244,Sborada,2026-09-06 23:23:40.933047+00:00,,scambio
108,222,Diaolo Porco,2026-07-03 15:06:13.640681+00:00,,scambio
110,235,FC Sovescio,2026-09-06 12:20:00.064888+00:00,,asta
119,198,Diaolo Porco,2026-09-07 12:03:43.361373+00:00,,scambio
121,131,FC Sovescio,2026-07-01 20:46:42.759998+00:00,,riscatto
122,56,FC Pontos,2026-02-07 22:47:42.979776+00:00,,asta
132,173,Diaolo Porco,2026-02-06 10:15:19.734698+00:00,,asta
102,246,Al-Colizzati,2025-08-12 00:00:00+00:00,,admin
89,264,Al-Colizzati,2025-07-08 00:00:00+00:00,,admin
44,423,Al-Colizzati,2024-09-01 00:00:00+00:00,,admin
58,896,Al-Colizzati,2026-09-06 00:00:00+00:00,,admin
10,1007,Al-Colizzati,2026-09-06 00:00:00+00:00,,admin
30,926,CyberDucks,2026-09-08 00:00:00+00:00,,admin
73,974,CyberDucks,2026-09-06 00:00:00+00:00,,admin
131,141,CyberDucks,2026-06-30 00:00:00+00:00,,admin
24,265,CyberDucks,2024-09-01 00:00:00+00:00,,admin
72,975,CyberDucks,2026-09-08 00:00:00+00:00,,admin
126,135,CyberDucks,2025-06-14 00:00:00+00:00,,admin
11,176,Diablitos FC,2025-08-01 00:00:00+00:00,,admin
98,267,Diablitos FC,2025-09-02 00:00:00+00:00,,admin
16,161,Diablitos FC,2024-08-31 00:00:00+00:00,,admin
31,356,FC Pontos,2025-07-05 00:00:00+00:00,,admin
38,1013,FC Pontos,2026-09-06 00:00:00+00:00,,admin
36,992,FC Pontos,2026-09-11 00:00:00+00:00,,admin
103,254,FC Pontos,2024-08-23 00:00:00+00:00,,admin
94,227,FC Pontos,2025-08-30 00:00:00+00:00,,admin
85,883,FC Sovescio,2026-09-06 00:00:00+00:00,,admin
17,165,FC Sovescio,2024-08-27 00:00:00+00:00,,admin
114,169,FC Sovescio,2025-07-01 00:00:00+00:00,,admin
134,139,FC Sovescio,2025-08-09 00:00:00+00:00,,admin
32,261,FC Sovescio,2025-07-17 00:00:00+00:00,,admin
97,259,Al-Colizzati,2024-08-05 00:00:00+00:00,,admin
14,230,Al-Colizzati,2024-08-05 00:00:00+00:00,,admin
23,266,Al-Colizzati,2024-08-05 00:00:00+00:00,,admin
86,350,Al-Colizzati,2024-08-05 00:00:00+00:00,,admin
26,450,Al-Colizzati,2024-08-05 00:00:00+00:00,,admin
135,177,CyberDucks,2024-08-05 00:00:00+00:00,,admin
123,208,CyberDucks,2024-08-05 00:00:00+00:00,,admin
3,159,CyberDucks,2024-08-05 00:00:00+00:00,,admin
74,782,CyberDucks,2024-08-05 00:00:00+00:00,,admin
34,330,Diablitos FC,2024-08-05 00:00:00+00:00,,admin
106,247,Diablitos FC,2024-08-05 00:00:00+00:00,,admin
124,151,Diablitos FC,2024-08-05 00:00:00+00:00,,admin
91,215,Diablitos FC,2024-08-05 00:00:00+00:00,,admin
8,171,Diablitos FC,2024-08-05 00:00:00+00:00,,admin
112,228,Diaolo Porco,2024-08-05 00:00:00+00:00,,admin
104,237,Diaolo Porco,2024-08-05 00:00:00+00:00,,admin
141,872,Sborada,2026-01-22 12:57:28.814069+00:00,,asta
145,73,AC Ciaccati,2026-07-05 21:54:05.364908+00:00,,scambio
147,731,CyberDucks,2026-01-22 12:49:35.313850+00:00,,asta
150,68,ZeroDayz FC,2026-08-22 14:11:09.133156+00:00,,scambio
151,214,AC Ciaccati,2026-08-11 20:57:09.727756+00:00,,scambio
160,77,CyberDucks,2026-08-20 19:05:16.973040+00:00,,scambio
161,80,AC Ciaccati,2026-02-03 13:37:23.531114+00:00,,asta
164,79,Al-Colizzati,2026-08-07 16:28:09.165633+00:00,,scambio
177,105,Sborada,2026-02-08 21:52:00.024308+00:00,,asta
178,90,FC Sovescio,2026-01-31 13:39:08.403458+00:00,,asta
180,998,Diaolo Porco,2026-08-18 00:09:00.083457+00:00,,asta
182,1023,CyberDucks,2026-09-02 22:03:00.082375+00:00,,asta
188,1050,Metodo Monchi FC,2026-09-11 09:19:00.066552+00:00,,asta
189,1034,FC Sovescio,2026-09-02 12:13:00.065698+00:00,,asta
190,945,Diablitos FC,2026-08-24 23:57:00.059324+00:00,,asta
191,1005,CyberDucks,2026-08-21 20:16:00.063112+00:00,,asta
193,682,AC Ciaccati,2026-08-30 08:37:00.075869+00:00,,asta
194,942,FC Pontos,2026-08-21 19:56:00.178986+00:00,,asta
199,65,Metodo Monchi FC,2026-01-26 12:10:37.200561+00:00,,scambio
208,362,Diablitos FC,2026-02-11 21:32:00.021965+00:00,,asta
210,399,Al-Colizzati,2026-09-09 12:03:00.320558+00:00,,asta
214,41,Al-Colizzati,2026-08-04 13:40:00.046910+00:00,,asta
230,434,Diablitos FC,2026-06-02 19:51:26.281170+00:00,,riscatto
240,881,Al-Colizzati,2026-03-21 12:11:00.069777+00:00,,asta
247,461,Sborada,2026-07-03 15:06:13.640681+00:00,,scambio
248,455,Metodo Monchi FC,2026-08-22 14:11:09.133156+00:00,,scambio
258,878,Sborada,2026-01-29 22:27:00.019710+00:00,,asta
261,523,AC Ciaccati,2026-09-01 22:29:33.717662+00:00,,scambio
268,512,Al-Colizzati,2026-03-10 17:35:00.020316+00:00,,asta
269,516,Diaolo Porco,2026-08-14 11:46:00.063746+00:00,,asta
271,888,Sborada,2026-02-14 21:33:00.024143+00:00,,asta
174,113,Al-Colizzati,2025-09-06 00:00:00+00:00,,admin
219,273,Al-Colizzati,2025-09-06 00:00:00+00:00,,admin
186,458,Al-Colizzati,2024-08-17 00:00:00+00:00,,admin
235,408,Al-Colizzati,2025-09-06 00:00:00+00:00,,admin
154,242,Al-Colizzati,2025-09-05 00:00:00+00:00,,admin
223,431,CyberDucks,2025-09-05 00:00:00+00:00,,admin
175,26,CyberDucks,2024-08-05 00:00:00+00:00,,admin
272,14,CyberDucks,2025-09-06 00:00:00+00:00,,admin
172,72,CyberDucks,2025-07-12 00:00:00+00:00,,admin
215,23,CyberDucks,2025-07-01 00:00:00+00:00,,admin
251,488,CyberDucks,2024-08-13 00:00:00+00:00,,admin
244,496,Diablitos FC,2025-09-04 00:00:00+00:00,,admin
238,452,Diaolo Porco,2025-08-23 00:00:00+00:00,,admin
245,503,Diaolo Porco,2026-09-06 00:00:00+00:00,,admin
232,446,Diaolo Porco,2025-09-06 00:00:00+00:00,,admin
149,74,Diaolo Porco,2026-01-10 00:00:00+00:00,,admin
205,589,FC Pontos,2024-08-31 00:00:00+00:00,,admin
148,57,FC Pontos,2024-08-27 00:00:00+00:00,,admin
216,37,FC Pontos,2025-10-01 00:00:00+00:00,,admin
226,453,FC Sovescio,2026-01-29 00:00:00+00:00,,admin
227,438,Al-Colizzati,2024-08-05 00:00:00+00:00,,admin
153,240,Al-Colizzati,2024-08-05 00:00:00+00:00,,admin
176,229,Al-Colizzati,2024-08-05 00:00:00+00:00,,admin
237,415,Al-Colizzati,2024-08-05 00:00:00+00:00,,admin
183,456,CyberDucks,2024-08-05 00:00:00+00:00,,admin
220,426,CyberDucks,2024-08-05 00:00:00+00:00,,admin
211,371,CyberDucks,2024-08-05 00:00:00+00:00,,admin
273,539,Diablitos FC,2024-08-05 00:00:00+00:00,,admin
192,524,Diablitos FC,2024-08-05 00:00:00+00:00,,admin
168,81,Diablitos FC,2024-08-05 00:00:00+00:00,,admin
270,404,Diablitos FC,2024-08-05 00:00:00+00:00,,admin
212,406,Diablitos FC,2024-08-05 00:00:00+00:00,,admin
229,440,Diablitos FC,2024-08-05 00:00:00+00:00,,admin
187,36,Diablitos FC,2024-08-05 00:00:00+00:00,,admin
142,86,Diablitos FC,2024-08-05 00:00:00+00:00,,admin
96,221,AC Ciaccati,2025-07-24 00:00:00+00:00,,admin
276,603,Diablitos FC,2026-09-01 12:38:00.084430+00:00,,asta
290,808,Al-Colizzati,2026-08-10 11:15:00.097714+00:00,,asta
293,1000,Sborada,2026-09-09 03:49:00.078832+00:00,,asta
296,876,FC Sovescio,2026-08-22 08:02:00.073160+00:00,,asta
301,442,FC Pontos,2026-02-07 10:57:52.534430+00:00,,asta
302,801,Metodo Monchi FC,2026-09-08 10:15:00.089804+00:00,,asta
303,754,Sborada,2026-08-10 18:40:00.041137+00:00,,asta
307,1037,ZeroDayz FC,2026-09-06 12:18:00.046337+00:00,,asta
308,990,Diablitos FC,2026-08-16 12:11:00.064172+00:00,,asta
309,416,Metodo Monchi FC,2026-06-30 18:29:54.958145+00:00,,riscatto
310,948,Sborada,2026-08-13 23:21:00.050000+00:00,,asta
314,954,ZeroDayz FC,2026-08-18 20:55:00.299103+00:00,,asta
317,953,FC Pontos,2026-08-09 08:54:00.124952+00:00,,asta
319,911,Sborada,2026-08-09 12:11:00.356240+00:00,,asta
320,365,FC Pontos,2026-03-04 22:24:00.170496+00:00,,asta
322,993,Diaolo Porco,2026-08-17 23:08:00.064548+00:00,,asta
323,1002,FC Pontos,2026-08-19 13:33:00.071603+00:00,,asta
324,425,Diaolo Porco,2026-08-11 20:57:09.727756+00:00,,scambio
327,354,ZeroDayz FC,2026-08-16 09:49:00.077881+00:00,,asta
331,397,ZeroDayz FC,2026-08-22 14:11:09.133156+00:00,,scambio
335,950,Al-Colizzati,2026-08-19 19:01:00.275241+00:00,,asta
336,1036,Sborada,2026-09-03 00:54:00.067685+00:00,,asta
337,1016,Diaolo Porco,2026-09-05 07:58:00.053166+00:00,,asta
340,401,ZeroDayz FC,2026-08-22 14:11:09.133156+00:00,,scambio
343,514,FC Sovescio,2026-01-28 12:29:00.021865+00:00,,asta
281,388,AC Ciaccati,2024-08-05 00:00:00+00:00,,admin
167,53,AC Ciaccati,2024-08-05 00:00:00+00:00,,admin
181,427,AC Ciaccati,2024-08-05 00:00:00+00:00,,admin
200,586,AC Ciaccati,2026-09-06 00:00:00+00:00,,admin
185,449,AC Ciaccati,2025-11-25 00:00:00+00:00,,admin
201,830,AC Ciaccati,2024-08-31 00:00:00+00:00,,admin
28,251,AC Ciaccati,2024-08-30 00:00:00+00:00,,admin
9,217,AC Ciaccati,2024-08-05 00:00:00+00:00,,admin
254,489,AC Ciaccati,2024-08-31 00:00:00+00:00,,admin
304,845,AC Ciaccati,2024-08-05 00:00:00+00:00,,admin
140,213,AC Ciaccati,2024-08-05 00:00:00+00:00,,admin
120,209,AC Ciaccati,2025-09-29 00:00:00+00:00,,admin
158,83,AC Ciaccati,2025-09-03 00:00:00+00:00,,admin
87,317,AC Ciaccati,2025-09-04 00:00:00+00:00,,admin
233,444,AC Ciaccati,2024-08-17 00:00:00+00:00,,admin
21,202,AC Ciaccati,2025-09-04 00:00:00+00:00,,admin
101,248,AC Ciaccati,2024-09-01 00:00:00+00:00,,admin
255,502,AC Ciaccati,2024-08-05 00:00:00+00:00,,admin
27,263,AC Ciaccati,2025-09-04 00:00:00+00:00,,admin
197,1055,AC Ciaccati,2026-09-06 00:00:00+00:00,,admin
225,436,AC Ciaccati,2024-08-05 00:00:00+00:00,,admin
329,951,AC Ciaccati,2026-09-06 00:00:00+00:00,,admin
279,486,Al-Colizzati,2024-08-13 00:00:00+00:00,,admin
316,432,Al-Colizzati,2025-01-12 00:00:00+00:00,,admin
80,967,Al-Colizzati,2026-09-06 00:00:00+00:00,,admin
341,381,CyberDucks,2025-09-06 00:00:00+00:00,,admin
345,341,CyberDucks,2026-06-30 00:00:00+00:00,,admin
287,21,CyberDucks,2024-08-05 00:00:00+00:00,,admin
333,310,CyberDucks,2025-07-04 00:00:00+00:00,,admin
130,145,CyberDucks,2025-08-17 00:00:00+00:00,,admin
52,334,CyberDucks,2025-09-12 00:00:00+00:00,,admin
7,973,Diablitos FC,2026-09-06 00:00:00+00:00,,admin
59,887,Diablitos FC,2026-09-06 00:00:00+00:00,,admin
54,338,Diablitos FC,2026-09-11 00:00:00+00:00,,admin
18,182,Diablitos FC,2025-08-28 00:00:00+00:00,,admin
19,231,Diablitos FC,2025-08-03 00:00:00+00:00,,admin
116,199,Diablitos FC,2025-09-04 00:00:00+00:00,,admin
82,897,Diaolo Porco,2026-09-06 00:00:00+00:00,,admin
117,210,Diaolo Porco,2025-08-04 00:00:00+00:00,,admin
289,540,Diaolo Porco,2025-07-19 00:00:00+00:00,,admin
282,190,Diaolo Porco,2025-07-02 00:00:00+00:00,,admin
284,46,FC Pontos,2025-07-20 00:00:00+00:00,,admin
291,615,FC Pontos,2026-08-22 00:00:00+00:00,,admin
330,952,FC Pontos,2026-09-06 00:00:00+00:00,,admin
179,941,FC Sovescio,2026-09-07 00:00:00+00:00,,admin
274,543,FC Sovescio,2026-09-20 00:00:00+00:00,,admin
344,51,FC Sovescio,2025-09-04 00:00:00+00:00,,admin
286,38,FC Sovescio,2025-09-04 00:00:00+00:00,,admin
49,268,FC Sovescio,2025-09-26 00:00:00+00:00,,admin
152,143,FC Sovescio,2026-07-01 00:00:00+00:00,,admin
43,358,FC Sovescio,2025-07-09 00:00:00+00:00,,admin
51,386,FC Sovescio,2025-08-22 00:00:00+00:00,,admin
144,78,Metodo Monchi FC,2025-07-11 00:00:00+00:00,,admin
265,526,Metodo Monchi FC,2025-09-02 00:00:00+00:00,,admin
169,39,Metodo Monchi FC,2025-02-04 00:00:00+00:00,,admin
218,430,Metodo Monchi FC,2024-09-01 00:00:00+00:00,,admin
62,400,Metodo Monchi FC,2025-09-20 00:00:00+00:00,,admin
29,1042,Metodo Monchi FC,2026-09-06 00:00:00+00:00,,admin
196,903,Metodo Monchi FC,2026-09-06 00:00:00+00:00,,admin
118,152,Metodo Monchi FC,2025-02-03 00:00:00+00:00,,admin
249,447,Metodo Monchi FC,2025-08-06 00:00:00+00:00,,admin
311,409,Al-Colizzati,2024-08-05 00:00:00+00:00,,admin
288,521,CyberDucks,2024-08-05 00:00:00+00:00,,admin
280,643,CyberDucks,2024-08-05 00:00:00+00:00,,admin
312,398,CyberDucks,2024-08-05 00:00:00+00:00,,admin
332,384,CyberDucks,2024-08-05 00:00:00+00:00,,admin
305,534,Diablitos FC,2024-08-05 00:00:00+00:00,,admin
297,282,Diablitos FC,2024-08-05 00:00:00+00:00,,admin
334,390,Diablitos FC,2024-08-05 00:00:00+00:00,,admin
184,441,Metodo Monchi FC,2025-06-23 00:00:00+00:00,,admin
78,984,Metodo Monchi FC,2026-09-06 00:00:00+00:00,,admin
241,457,Metodo Monchi FC,2025-07-31 00:00:00+00:00,,admin
295,133,Sborada,2025-09-01 00:00:00+00:00,,admin
207,383,Sborada,2026-09-06 00:00:00+00:00,,admin
198,32,Sborada,2026-09-06 00:00:00+00:00,,admin
115,203,Sborada,2025-07-15 00:00:00+00:00,,admin
195,774,Sborada,2026-09-07 00:00:00+00:00,,admin
243,469,Sborada,2025-09-02 00:00:00+00:00,,admin
95,185,Sborada,2025-02-03 00:00:00+00:00,,admin
133,125,Sborada,2026-08-30 00:00:00+00:00,,admin
107,253,Sborada,2025-09-05 00:00:00+00:00,,admin
325,373,Sborada,2024-08-05 00:00:00+00:00,,admin
137,189,ZeroDayz FC,2025-07-12 00:00:00+00:00,,admin
285,775,ZeroDayz FC,2026-09-11 00:00:00+00:00,,admin
318,363,ZeroDayz FC,2025-07-31 00:00:00+00:00,,admin
275,535,ZeroDayz FC,2025-12-08 00:00:00+00:00,,admin
213,45,ZeroDayz FC,2025-07-31 00:00:00+00:00,,admin
260,155,ZeroDayz FC,2025-07-26 00:00:00+00:00,,admin
57,1053,ZeroDayz FC,2026-09-06 00:00:00+00:00,,admin
298,378,ZeroDayz FC,2026-08-22 00:00:00+00:00,,admin
239,476,ZeroDayz FC,2025-01-23 00:00:00+00:00,,admin
47,337,ZeroDayz FC,2025-07-09 00:00:00+00:00,,admin
109,257,ZeroDayz FC,2025-08-27 00:00:00+00:00,,admin
155,136,ZeroDayz FC,2025-02-04 00:00:00+00:00,,admin
246,460,Diaolo Porco,2024-08-05 00:00:00+00:00,,admin
206,403,Diaolo Porco,2024-08-05 00:00:00+00:00,,admin
222,437,Diaolo Porco,2024-08-05 00:00:00+00:00,,admin
159,71,Diaolo Porco,2024-08-05 00:00:00+00:00,,admin
292,126,Diaolo Porco,2024-08-05 00:00:00+00:00,,admin
262,525,Diaolo Porco,2024-08-05 00:00:00+00:00,,admin
136,172,Diaolo Porco,2024-08-05 00:00:00+00:00,,admin
328,346,Diaolo Porco,2024-08-05 00:00:00+00:00,,admin
6,148,Diaolo Porco,2024-08-05 00:00:00+00:00,,admin
93,301,Diaolo Porco,2024-08-05 00:00:00+00:00,,admin
253,518,Diaolo Porco,2024-08-05 00:00:00+00:00,,admin
342,395,Diaolo Porco,2024-08-05 00:00:00+00:00,,admin
53,339,Diaolo Porco,2024-08-05 00:00:00+00:00,,admin
61,647,FC Pontos,2024-08-05 00:00:00+00:00,,admin
313,364,FC Pontos,2024-08-05 00:00:00+00:00,,admin
231,435,FC Pontos,2024-08-05 00:00:00+00:00,,admin
37,331,FC Pontos,2024-08-05 00:00:00+00:00,,admin
217,181,FC Pontos,2024-08-05 00:00:00+00:00,,admin
256,528,FC Pontos,2024-08-05 00:00:00+00:00,,admin
88,255,FC Pontos,2024-08-05 00:00:00+00:00,,admin
209,405,FC Pontos,2024-08-05 00:00:00+00:00,,admin
326,411,FC Pontos,2024-08-05 00:00:00+00:00,,admin
250,482,FC Pontos,2024-08-05 00:00:00+00:00,,admin
20,260,FC Pontos,2024-08-05 00:00:00+00:00,,admin
76,252,FC Pontos,2024-08-05 00:00:00+00:00,,admin
165,66,FC Sovescio,2024-08-05 00:00:00+00:00,,admin
204,522,FC Sovescio,2024-08-05 00:00:00+00:00,,admin
77,448,FC Sovescio,2024-08-05 00:00:00+00:00,,admin
166,43,FC Sovescio,2024-08-05 00:00:00+00:00,,admin
139,205,FC Sovescio,2024-08-05 00:00:00+00:00,,admin
339,391,FC Sovescio,2024-08-05 00:00:00+00:00,,admin
300,625,FC Sovescio,2024-08-05 00:00:00+00:00,,admin
321,396,FC Sovescio,2024-08-05 00:00:00+00:00,,admin
224,424,FC Sovescio,2024-08-05 00:00:00+00:00,,admin
156,87,FC Sovescio,2024-08-05 00:00:00+00:00,,admin
264,509,FC Sovescio,2024-08-05 00:00:00+00:00,,admin
299,241,FC Sovescio,2024-08-05 00:00:00+00:00,,admin
277,686,FC Sovescio,2024-08-05 00:00:00+00:00,,admin
228,445,FC Sovescio,2024-08-05 00:00:00+00:00,,admin
221,418,FC Sovescio,2024-08-05 00:00:00+00:00,,admin
294,752,FC Sovescio,2024-08-05 00:00:00+00:00,,admin
128,108,Metodo Monchi FC,2024-08-05 00:00:00+00:00,,admin
111,249,Metodo Monchi FC,2024-08-05 00:00:00+00:00,,admin
266,517,Metodo Monchi FC,2024-08-05 00:00:00+00:00,,admin
203,722,Metodo Monchi FC,2024-08-05 00:00:00+00:00,,admin
146,64,Metodo Monchi FC,2024-08-05 00:00:00+00:00,,admin
242,462,Metodo Monchi FC,2024-08-05 00:00:00+00:00,,admin
13,197,Metodo Monchi FC,2024-08-05 00:00:00+00:00,,admin
138,149,Metodo Monchi FC,2024-08-05 00:00:00+00:00,,admin
55,385,Metodo Monchi FC,2024-08-05 00:00:00+00:00,,admin
171,70,Metodo Monchi FC,2024-08-05 00:00:00+00:00,,admin
252,506,Metodo Monchi FC,2024-08-05 00:00:00+00:00,,admin
48,332,Metodo Monchi FC,2024-08-05 00:00:00+00:00,,admin
162,82,Metodo Monchi FC,2024-08-05 00:00:00+00:00,,admin
92,262,Metodo Monchi FC,2024-08-05 00:00:00+00:00,,admin
234,439,Sborada,2024-08-05 00:00:00+00:00,,admin
267,515,Sborada,2024-08-05 00:00:00+00:00,,admin
338,349,Sborada,2024-08-05 00:00:00+00:00,,admin
173,58,Sborada,2024-08-05 00:00:00+00:00,,admin
143,63,Sborada,2024-08-05 00:00:00+00:00,,admin
315,369,Sborada,2024-08-05 00:00:00+00:00,,admin
113,226,Sborada,2024-08-05 00:00:00+00:00,,admin
278,781,Sborada,2024-08-05 00:00:00+00:00,,admin
125,174,Sborada,2024-08-05 00:00:00+00:00,,admin
202,49,ZeroDayz FC,2024-08-05 00:00:00+00:00,,admin
163,67,ZeroDayz FC,2024-08-05 00:00:00+00:00,,admin
263,520,ZeroDayz FC,2024-08-05 00:00:00+00:00,,admin
127,196,ZeroDayz FC,2024-08-05 00:00:00+00:00,,admin
46,375,ZeroDayz FC,2024-08-05 00:00:00+00:00,,admin
259,531,ZeroDayz FC,2024-08-05 00:00:00+00:00,,admin
129,184,ZeroDayz FC,2024-08-05 00:00:00+00:00,,admin
283,721,ZeroDayz FC,2024-08-05 00:00:00+00:00,,admin
105,219,ZeroDayz FC,2024-08-05 00:00:00+00:00,,admin
257,527,ZeroDayz FC,2024-08-05 00:00:00+00:00,,admin
157,85,ZeroDayz FC,2024-08-05 00:00:00+00:00,,admin
236,429,ZeroDayz FC,2024-08-05 00:00:00+00:00,,admin
170,250,ZeroDayz FC,2024-08-05 00:00:00+00:00,,admin
306,412,ZeroDayz FC,2024-08-05 00:00:00+00:00,,admin
