id,id_transfermarkt,club_tm,nome,cognome,data_nascita,scadenza_contratto,id_giocatore,aggiornato_il
591,244192.0,Associazione Sportiva Roma,Pierluigi,Gollini,1995-03-18,2027-06-30,,2026-09-02 22:15:53.956921+00:00
592,495722.0,Associazione Sportiva Roma,Devis,Vásquez,1998-05-12,2027-06-30,,2026-09-02 22:15:53.956921+00:00
593,338670.0,Associazione Sportiva Roma,Mile,Svilar,1999-08-27,2030-06-30,,2026-09-02 22:15:53.956921+00:00
594,281769.0,Associazione Sportiva Roma,Mario,Hermoso,1995-06-18,2027-06-30,,2026-09-02 22:15:53.956921+00:00
595,942004.0,Associazione Sportiva Roma,Giorgio,De Marzi,2007-04-18,2027-06-30,,2026-09-02 22:15:53.956921+00:00
596,575998.0,Associazione Sportiva Roma,Leonardo,Balerdi,1999-01-26,2027-06-30,,2026-09-02 22:15:53.956921+00:00
597,701819.0,Associazione Sportiva Roma,Daniele,Ghilardi,2003-01-06,2030-06-30,,2026-09-02 22:15:53.956921+00:00
598,669380.0,Associazione Sportiva Roma,Konstantinos,Koulierakis,2003-11-28,2031-06-30,,2026-09-02 22:15:53.956921+00:00
599,371149.0,Associazione Sportiva Roma,Evan,Ndicka,1999-08-20,2028-06-30,,2026-09-02 22:15:53.956921+00:00
600,256448.0,Associazione Sportiva Roma,Gianluca,Mancini,1996-04-17,2029-06-30,,2026-09-02 22:15:53.956921+00:00
601,424042.0,Associazione Sportiva Roma,Nahuel,Molina,1998-04-06,2030-06-30,,2026-09-02 22:15:53.956921+00:00
602,964580.0,Associazione Sportiva Roma,,Wesley,2003-09-06,2030-06-30,,2026-09-02 22:15:53.956921+00:00
603,557407.0,Associazione Sportiva Roma,Devyne,Rensch,2003-01-18,2029-06-30,,2026-09-02 22:15:53.956921+00:00
604,485584.0,Associazione Sportiva Roma,Anass,Salah-Eddine,2002-01-18,2028-06-30,,2026-09-02 22:15:53.956921+00:00
605,1175298.0,Associazione Sportiva Roma,Emanuele,Lulli,2007-08-17,2027-06-30,,2026-09-02 22:15:53.956921+00:00
606,133179.0,Associazione Sportiva Roma,Marten,de Roon,1991-03-29,2028-06-30,,2026-09-02 22:15:53.956921+00:00
607,199248.0,Associazione Sportiva Roma,Bryan,Cristante,1995-03-03,2028-06-30,,2026-09-02 22:15:53.956921+00:00
608,624690.0,Associazione Sportiva Roma,Manu,Koné,2001-05-17,2029-06-30,,2026-09-02 22:15:53.956921+00:00
609,813137.0,Associazione Sportiva Roma,Niccolò,Pisilli,2004-09-23,2029-06-30,,2026-09-02 22:15:53.956921+00:00
610,957653.0,Associazione Sportiva Roma,Rodrigo,Mora,2007-05-05,2031-06-30,,2026-09-02 22:15:53.956921+00:00
611,326029.0,Associazione Sportiva Roma,Donyell,Malen,1999-01-19,2030-06-30,,2026-09-02 22:15:53.956921+00:00
612,849520.0,Associazione Sportiva Roma,Santiago,Castro,2004-09-18,2031-06-30,,2026-09-02 22:15:53.956921+00:00
613,286297.0,Associazione Sportiva Roma,Lorenzo,Pellegrini,1996-06-19,2027-06-30,,2026-09-02 22:15:53.956921+00:00
614,206050.0,Associazione Sportiva Roma,Paulo,Dybala,1993-11-15,2027-06-30,,2026-09-02 22:15:53.956921+00:00
615,668951.0,Associazione Sportiva Roma,Matías,Soulé,2003-04-15,2029-06-30,,2026-09-02 22:15:53.956921+00:00
616,386446.0,Società Sportiva Calcio Napoli,Alessandro,Buongiorno,1999-06-06,2029-06-30,,2026-09-02 22:15:53.956921+00:00
617,257474.0,Società Sportiva Calcio Napoli,Vanja,Milinković-Savić,1997-02-20,2030-06-30,,2026-09-02 22:15:53.956921+00:00
618,240414.0,Società Sportiva Calcio Napoli,Alex,Meret,1997-03-22,2027-06-30,,2026-09-02 22:15:53.956921+00:00
619,250683.0,Società Sportiva Calcio Napoli,Nikita,Contini,1996-05-21,2031-06-30,,2026-09-02 22:15:53.956921+00:00
620,433984.0,Società Sportiva Calcio Napoli,Sam,Beukema,1998-11-17,2030-06-30,,2026-09-02 22:15:53.956921+00:00
621,463603.0,Società Sportiva Calcio Napoli,Benoît,Badiashile,2001-03-26,2027-06-30,,2026-09-02 22:15:53.956921+00:00
622,423744.0,Società Sportiva Calcio Napoli,Billy,Gilmour,2001-06-11,2029-06-30,,2026-09-02 22:15:53.956921+00:00
623,315969.0,Società Sportiva Calcio Napoli,Scott,McTominay,1996-12-08,2028-06-30,,2026-09-02 22:15:53.956921+00:00
624,257732.0,Società Sportiva Calcio Napoli,Amir,Rrahmani,1994-02-24,2027-06-30,,2026-09-02 22:15:53.956921+00:00
625,662261.0,Società Sportiva Calcio Napoli,Rafa,Marín,2002-05-19,2029-06-30,,2026-09-02 22:15:53.956921+00:00
626,169880.0,Società Sportiva Calcio Napoli,Giovanni,Di Lorenzo,1993-08-04,2030-06-30,,2026-09-02 22:15:53.956921+00:00
627,814446.0,Società Sportiva Calcio Napoli,Luca,Marianucci,2004-07-23,2030-06-30,,2026-09-02 22:15:53.956921+00:00
628,192735.0,Società Sportiva Calcio Napoli,Stanislav,Lobotka,1994-11-25,2027-06-30,,2026-09-02 22:15:53.956921+00:00
629,376514.0,Società Sportiva Calcio Napoli,Mathías,Olivera,1997-10-31,2030-06-30,,2026-09-02 22:15:53.956921+00:00
630,118689.0,Società Sportiva Calcio Napoli,Leonardo,Spinazzola,1993-03-25,2028-06-30,,2026-09-02 22:15:53.956921+00:00
631,354361.0,Società Sportiva Calcio Napoli,Frank,Anguissa,1995-11-16,2027-06-30,,2026-09-02 22:15:53.956921+00:00
632,830365.0,Società Sportiva Calcio Napoli,Alisson,Santos,2002-09-27,2030-06-30,,2026-09-02 22:15:53.956921+00:00
633,820635.0,Società Sportiva Calcio Napoli,Costantino,Favasuli,2004-04-26,2027-06-30,,2026-09-02 22:15:53.956921+00:00
634,703245.0,Società Sportiva Calcio Napoli,Antonio,Vergara,2003-01-16,2031-06-30,,2026-09-02 22:15:53.956921+00:00
635,88755.0,Società Sportiva Calcio Napoli,Kevin,De Bruyne,1991-06-28,2027-06-30,,2026-09-02 22:15:53.956921+00:00
636,469822.0,Società Sportiva Calcio Napoli,David,Neres,1997-03-03,2028-06-30,,2026-09-02 22:15:53.956921+00:00
637,339332.0,Società Sportiva Calcio Napoli,Noa,Lang,1999-06-17,2030-06-30,,2026-09-02 22:15:53.956921+00:00
638,165895.0,Società Sportiva Calcio Napoli,Matteo,Politano,1993-08-03,2028-06-30,,2026-09-02 22:15:53.956921+00:00
639,572265.0,Società Sportiva Calcio Napoli,Lorenzo,Lucca,2000-09-10,2030-06-30,,2026-09-02 22:15:53.956921+00:00
640,610442.0,Società Sportiva Calcio Napoli,Rasmus,Højlund,2003-02-04,2030-06-30,,2026-09-02 22:15:53.956921+00:00
641,1005165.0,Società Sportiva Calcio Napoli,,Giovane,2003-11-24,2030-06-30,,2026-09-02 22:15:53.956921+00:00
642,741539.0,Società Sportiva Calcio Napoli,Dinis,Rodrigues,2005-07-14,,,2026-09-02 22:15:53.956921+00:00
643,197747.0,Società Sportiva Lazio S.p.A.,Alessio,Romagnoli,1995-01-12,2027-06-30,,2026-09-02 22:15:53.956921+00:00
644,481675.0,Società Sportiva Lazio S.p.A.,Christos,Mandas,2001-09-17,2029-06-30,,2026-09-02 22:15:53.956921+00:00
645,371001.0,Società Sportiva Lazio S.p.A.,Josip,Sutalo,2000-02-28,2027-06-30,,2026-09-02 22:15:53.956921+00:00
646,387047.0,Società Sportiva Lazio S.p.A.,Danilho,Doekhi,1998-06-30,2029-06-30,,2026-09-02 22:15:53.956921+00:00
647,916430.0,Società Sportiva Lazio S.p.A.,Edoardo,Motta,2005-01-13,2030-06-30,,2026-09-02 22:15:53.956921+00:00
648,918957.0,Società Sportiva Lazio S.p.A.,Davide,Renzetti,2006-06-09,2027-06-30,,2026-09-02 22:15:53.956921+00:00
649,126729.0,Società Sportiva Lazio S.p.A.,,Patric,1993-04-17,2027-06-30,,2026-09-02 22:15:53.956921+00:00
650,538079.0,Società Sportiva Lazio S.p.A.,Alessio,Furlanetto,2002-02-07,2028-06-30,,2026-09-02 22:15:53.956921+00:00
651,644408.0,Società Sportiva Lazio S.p.A.,Oliver,Provstgaard,2003-06-04,2029-06-30,,2026-09-02 22:15:53.956921+00:00
652,535955.0,Società Sportiva Lazio S.p.A.,Nuno,Tavares,2000-01-26,2029-06-30,,2026-09-02 22:15:53.956921+00:00
653,199733.0,Società Sportiva Lazio S.p.A.,Danilo,Cataldi,1994-08-06,2027-06-30,,2026-09-02 22:15:53.956921+00:00
654,287700.0,Società Sportiva Lazio S.p.A.,Mohamed,Fares,1996-02-15,2027-06-30,,2026-09-02 22:15:53.956921+00:00
655,346567.0,Società Sportiva Lazio S.p.A.,Luca,Pellegrini,1999-03-07,2027-06-30,,2026-09-02 22:15:53.956921+00:00
656,331401.0,Società Sportiva Lazio S.p.A.,Manuel,Lazzari,1993-11-29,2027-06-30,,2026-09-02 22:15:53.956921+00:00
657,982855.0,Società Sportiva Lazio S.p.A.,Reda,Belahyane,2004-06-01,2029-06-30,,2026-09-02 22:15:53.956921+00:00
658,708086.0,Società Sportiva Lazio S.p.A.,Romano,Floriani Mussolini,2003-01-27,2028-06-30,,2026-09-02 22:15:53.956921+00:00
659,1110645.0,Società Sportiva Lazio S.p.A.,Filipe,Bordon,2005-06-24,2028-06-30,,2026-09-02 22:15:53.956921+00:00
660,239802.0,Società Sportiva Lazio S.p.A.,Adam,Marusic,1992-10-17,2028-06-30,,2026-09-02 22:15:53.956921+00:00
661,525704.0,Società Sportiva Lazio S.p.A.,Nicolò,Rovella,2001-12-04,2028-06-30,,2026-09-02 22:15:53.956921+00:00
662,356197.0,Società Sportiva Lazio S.p.A.,Alfonso,Pedraza,1996-04-09,2029-06-30,,2026-09-02 22:15:53.956921+00:00
663,470394.0,Società Sportiva Lazio S.p.A.,Kenneth,Taylor,2002-05-16,2030-06-30,,2026-09-02 22:15:53.956921+00:00
664,1455976.0,Società Sportiva Lazio S.p.A.,Bruno,Galassi,2007-02-07,2029-06-30,,2026-09-02 22:15:53.956921+00:00
665,394300.0,Società Sportiva Lazio S.p.A.,Davide,Frattesi,1999-09-22,2027-06-30,,2026-09-02 22:15:53.956921+00:00
666,457736.0,Società Sportiva Lazio S.p.A.,Tijjani,Noslin,1999-07-07,2029-06-30,,2026-09-02 22:15:53.956921+00:00
667,1018395.0,Società Sportiva Lazio S.p.A.,Adrian,Przyborek,2007-01-01,2030-06-30,,2026-09-02 22:15:53.956921+00:00
668,283735.0,Società Sportiva Lazio S.p.A.,Mattia,Zaccagni,1995-06-16,2029-06-30,,2026-09-02 22:15:53.956921+00:00
669,530742.0,Società Sportiva Lazio S.p.A.,Fisayo,Dele-Bashiru,2001-02-06,2028-06-30,,2026-09-02 22:15:53.956921+00:00
670,305947.0,Società Sportiva Lazio S.p.A.,Albert,Gudmundsson,1997-06-15,2027-06-30,,2026-09-02 22:15:53.956921+00:00
671,462823.0,Società Sportiva Lazio S.p.A.,Gustav,Isaksen,2001-04-19,2028-06-30,,2026-09-02 22:15:53.956921+00:00
672,550106.0,Società Sportiva Lazio S.p.A.,Matteo,Cancellieri,2002-02-12,2027-06-30,,2026-09-02 22:15:53.956921+00:00
673,866255.0,Società Sportiva Lazio S.p.A.,Valerio,Farcomeni,2006-01-18,2030-06-30,,2026-09-02 22:15:53.956921+00:00
674,315865.0,Società Sportiva Lazio S.p.A.,Andrea,Pinamonti,1999-05-19,2031-06-30,,2026-09-02 22:15:53.956921+00:00
675,976207.0,Società Sportiva Lazio S.p.A.,Federico,Serra,2006-01-03,,,2026-09-02 22:15:53.956921+00:00
676,471936.0,Associazione Calcio Fiorentina,Oliver,Christensen,1999-03-22,2028-06-30,,2026-09-02 22:15:53.956921+00:00
677,59377.0,Associazione Calcio Fiorentina,David,de Gea,1990-11-07,2028-06-30,,2026-09-02 22:15:53.956921+00:00
678,568559.0,Associazione Calcio Fiorentina,Radu,Drăgușin,2002-02-03,2027-06-30,,2026-09-02 22:15:53.956921+00:00
679,950393.0,Associazione Calcio Fiorentina,,Viery,2005-01-02,2031-06-30,,2026-09-02 22:15:53.956921+00:00
680,135747.0,Associazione Calcio Fiorentina,Luca,Lezzerini,1995-03-24,2028-06-30,,2026-09-02 22:15:53.956921+00:00
681,1186245.0,Associazione Calcio Fiorentina,Víctor,Valdepeñas,2006-10-20,,,2026-09-02 22:15:53.956921+00:00
682,282144.0,Associazione Calcio Fiorentina,Marin,Pongracic,1997-09-11,2029-06-30,,2026-09-02 22:15:53.956921+00:00
683,346561.0,Associazione Calcio Fiorentina,Luca,Ranieri,1999-04-23,2028-06-30,,2026-09-02 22:15:53.956921+00:00
684,547985.0,Associazione Calcio Fiorentina,Fabiano,Parisi,2000-11-09,2029-06-30,,2026-09-02 22:15:53.956921+00:00
685,426620.0,Associazione Calcio Fiorentina,Pedro,Gonçalves,1998-06-28,2027-06-30,,2026-09-02 22:15:53.956921+00:00
686,1279526.0,Associazione Calcio Fiorentina,Christ,Inao Oulaï,2006-04-06,,,2026-09-02 22:15:53.956921+00:00
687,432090.0,Associazione Calcio Fiorentina,Nicolò,Fagioli,2001-02-12,2028-06-30,,2026-09-02 22:15:53.956921+00:00
688,401529.0,Associazione Calcio Fiorentina,,Dodô,1998-11-17,2027-06-30,,2026-09-02 22:15:53.956921+00:00
689,855308.0,Associazione Calcio Fiorentina,Arthur,Atta,2003-01-14,2031-06-30,,2026-09-02 22:15:53.956921+00:00
690,272261.0,Associazione Calcio Fiorentina,Antonín,Barák,1994-12-03,2027-06-30,,2026-09-02 22:15:53.956921+00:00
691,537602.0,Associazione Calcio Fiorentina,,João Mário,2000-01-03,2027-06-30,,2026-09-02 22:15:53.956921+00:00
692,651005.0,Associazione Calcio Fiorentina,Cher,Ndour,2004-07-27,2029-06-30,,2026-09-02 22:15:53.956921+00:00
693,386455.0,Associazione Calcio Fiorentina,Riccardo,Sottil,1999-06-03,2027-06-30,,2026-09-02 22:15:53.956921+00:00
694,459128.0,Associazione Calcio Fiorentina,Marco,Brescianini,2000-01-20,2030-06-30,,2026-09-02 22:15:53.956921+00:00
695,741257.0,Associazione Calcio Fiorentina,Álex,Jiménez,2005-05-08,2027-06-30,,2026-09-02 22:15:53.956921+00:00
696,595809.0,Associazione Calcio Fiorentina,,Beto,1998-01-31,2030-06-30,,2026-09-02 22:15:53.956921+00:00
697,856530.0,Associazione Calcio Fiorentina,Mateo,Pellegrino,2001-10-22,2031-06-30,,2026-09-02 22:15:53.956921+00:00
698,1057316.0,Associazione Calcio Fiorentina,Franco,Mastantuono,2007-08-14,2027-06-30,,2026-09-02 22:15:53.956921+00:00
699,934527.0,Associazione Calcio Fiorentina,Alieu,Njie,2005-05-14,2027-06-30,,2026-09-02 22:15:53.956921+00:00
700,627626.0,Associazione Calcio Fiorentina,Wilfried,Gnonto,2003-11-05,2027-06-30,,2026-09-02 22:15:53.956921+00:00
701,1350478.0,Associazione Calcio Fiorentina,Federico,Croci,2010-07-01,2029-06-30,,2026-09-02 22:15:53.956921+00:00
702,962246.0,Atalanta Bergamasca Calcio S.p.a.,Thomas,Pompei,2006-07-04,,,2026-09-02 22:15:53.956921+00:00
703,571604.0,Atalanta Bergamasca Calcio S.p.a.,Giorgio,Scalvini,2003-12-11,2028-06-30,,2026-09-02 22:15:53.956921+00:00
704,459763.0,Atalanta Bergamasca Calcio S.p.a.,Marco,Carnesecchi,2000-07-01,2028-06-30,,2026-09-02 22:15:53.956921+00:00
705,199976.0,Atalanta Bergamasca Calcio S.p.a.,Marco,Sportiello,1992-05-10,2028-06-30,,2026-09-02 22:15:53.956921+00:00
706,503075.0,Atalanta Bergamasca Calcio S.p.a.,Isak,Hien,1999-01-13,2028-06-30,,2026-09-02 22:15:53.956921+00:00
707,644771.0,Atalanta Bergamasca Calcio S.p.a.,Odilon,Kossounou,2001-01-04,2029-06-30,,2026-09-02 22:15:53.956921+00:00
708,698259.0,Atalanta Bergamasca Calcio S.p.a.,Thomas,Kristensen,2002-01-17,2027-06-30,,2026-09-02 22:15:53.956921+00:00
709,294808.0,Atalanta Bergamasca Calcio S.p.a.,Franck,Kessié,1996-12-19,2029-06-30,,2026-09-02 22:15:53.956921+00:00
710,358008.0,Atalanta Bergamasca Calcio S.p.a.,Gianluca,Gaetano,2000-05-05,2031-06-30,,2026-09-02 22:15:53.956921+00:00
711,94005.0,Atalanta Bergamasca Calcio S.p.a.,Sead,Kolasinac,1993-06-20,2027-06-30,,2026-09-02 22:15:53.956921+00:00
712,708635.0,Atalanta Bergamasca Calcio S.p.a.,Lorenzo,Bernasconi,2003-11-16,2030-06-30,,2026-09-02 22:15:53.956921+00:00
713,205938.0,Atalanta Bergamasca Calcio S.p.a.,Mario,Pašalić,1995-02-09,2028-06-30,,2026-09-02 22:15:53.956921+00:00
714,173859.0,Atalanta Bergamasca Calcio S.p.a.,Davide,Zappacosta,1992-06-11,2028-06-30,,2026-09-02 22:15:53.956921+00:00
715,607854.0,Atalanta Bergamasca Calcio S.p.a.,,Éderson,1999-07-07,2031-06-30,,2026-09-02 22:15:53.956921+00:00
716,435772.0,Atalanta Bergamasca Calcio S.p.a.,Charles,De Ketelaere,2001-03-10,2028-06-30,,2026-09-02 22:15:53.956921+00:00
717,528833.0,Atalanta Bergamasca Calcio S.p.a.,Lazar,Samardžić,2002-02-24,2029-06-30,,2026-09-02 22:15:53.956921+00:00
718,357992.0,Atalanta Bergamasca Calcio S.p.a.,Raoul,Bellanova,2000-05-17,2029-06-30,,2026-09-02 22:15:53.956921+00:00
719,550108.0,Atalanta Bergamasca Calcio S.p.a.,Nicola,Zalewski,2002-01-23,2029-06-30,,2026-09-02 22:15:53.956921+00:00
720,672381.0,Atalanta Bergamasca Calcio S.p.a.,Jonathan,Rowe,2003-04-30,2027-06-30,,2026-09-02 22:15:53.956921+00:00
721,434433.0,Atalanta Bergamasca Calcio S.p.a.,Nikola,Krstović,2000-04-05,2030-06-30,,2026-09-02 22:15:53.956921+00:00
722,405885.0,Atalanta Bergamasca Calcio S.p.a.,Giacomo,Raspadori,2000-02-18,2030-06-30,,2026-09-02 22:15:53.956921+00:00
723,400489.0,Atalanta Bergamasca Calcio S.p.a.,Eljif,Elmas,1999-09-24,2027-06-30,,2026-09-02 22:15:53.956921+00:00
724,746695.0,Atalanta Bergamasca Calcio S.p.a.,Kamaldeen,Sulemana,2002-02-15,2029-06-30,,2026-09-02 22:15:53.956921+00:00
725,315867.0,Atalanta Bergamasca Calcio S.p.a.,Gianluca,Scamacca,1999-01-01,2028-06-30,,2026-09-02 22:15:53.956921+00:00
726,290537.0,Calcio Como,Jean,Butez,1995-06-08,2030-06-30,,2026-09-02 22:15:53.956921+00:00
727,948278.0,Calcio Como,Jacobo,Ramón,2005-01-06,2030-06-30,,2026-09-02 22:15:53.956921+00:00
728,346314.0,Calcio Como,Trevoh,Chalobah,1999-07-05,2031-06-30,,2026-09-02 22:15:53.956921+00:00
729,403151.0,Calcio Como,Robert,Sánchez,1997-11-18,2027-06-30,,2026-09-02 22:15:53.956921+00:00
730,88595.0,Calcio Como,Mauro,Vigorito,1990-05-22,2027-06-30,,2026-09-02 22:15:53.956921+00:00
731,242940.0,Calcio Como,Edoardo,Goldaniga,1993-11-02,2028-06-30,,2026-09-02 22:15:53.956921+00:00
732,709957.0,Calcio Como,Álex,Valle,2004-04-25,2029-06-30,,2026-09-02 22:15:53.956921+00:00
733,780630.0,Calcio Como,Willy,Kambwala,2004-08-25,2027-06-30,,2026-09-02 22:15:53.956921+00:00
734,385394.0,Calcio Como,Alberto,Dossena,1998-10-13,2028-06-30,,2026-09-02 22:15:53.956921+00:00
735,879217.0,Calcio Como,,Kaiki,2003-03-08,2027-06-30,,2026-09-02 22:15:53.956921+00:00
736,571271.0,Calcio Como,Ivan,Smolcic,2000-08-17,2031-06-30,,2026-09-02 22:15:53.956921+00:00
737,668547.0,Calcio Como,Máximo,Perrone,2003-01-07,2029-06-30,,2026-09-02 22:15:53.956921+00:00
738,467992.0,Calcio Como,Samuele,Ricci,2001-08-21,2027-06-30,,2026-09-02 22:15:53.956921+00:00
739,495667.0,Calcio Como,Lucas,Da Cunha,2001-06-09,2031-06-30,,2026-09-02 22:15:53.956921+00:00
740,160938.0,Calcio Como,Marc Oliver,Kempf,1995-01-28,2029-06-30,,2026-09-02 22:15:53.956921+00:00
741,627228.0,Calcio Como,Yan,Couto,2002-06-03,2027-06-30,,2026-09-02 22:15:53.956921+00:00
742,395237.0,Calcio Como,Maxence,Caqueret,2000-02-15,2029-06-30,,2026-09-02 22:15:53.956921+00:00
743,1190411.0,Calcio Como,Jesús,Rodríguez,2005-11-21,2030-06-30,,2026-09-02 22:15:53.956921+00:00
744,1231993.0,Calcio Como,Adrian,Lahdo,2007-12-26,2031-06-30,,2026-09-02 22:15:53.956921+00:00
745,988964.0,Calcio Como,Mattia,Liberali,2007-04-06,2031-06-30,,2026-09-02 22:15:53.956921+00:00
746,281989.0,Calcio Como,Luis,Milla,1994-10-07,2029-06-30,,2026-09-02 22:15:53.956921+00:00
747,580451.0,Calcio Como,Martin,Baturina,2003-02-16,2030-06-30,,2026-09-02 22:15:53.956921+00:00
748,747720.0,Calcio Como,Jayden,Addai,2005-08-26,2030-06-30,,2026-09-02 22:15:53.956921+00:00
749,948294.0,Calcio Como,Nico,Paz,2004-09-08,2028-06-30,,2026-09-02 22:15:53.956921+00:00
750,523318.0,Calcio Como,Anastasios,Douvikas,1999-08-02,2029-06-30,,2026-09-02 22:15:53.956921+00:00
751,1061282.0,Calcio Como,Assane,Diao,2005-09-07,2029-06-30,,2026-09-02 22:15:53.956921+00:00
752,364135.0,Calcio Como,Moise,Kean,2000-02-28,2027-06-30,,2026-09-02 22:15:53.956921+00:00
754,182906.0,Associazione Calcio Milan,Mike,Maignan,1995-07-03,2031-06-30,,2026-09-02 22:15:53.956921+00:00
755,608172.0,Associazione Calcio Milan,Ardon,Jashari,2002-07-30,2030-06-30,,2026-09-02 22:15:53.956921+00:00
756,887638.0,Associazione Calcio Milan,Davide,Bartesaghi,2005-12-29,2030-06-30,,2026-09-02 22:15:53.956921+00:00
757,574671.0,Associazione Calcio Milan,Strahinja,Pavlović,2001-05-24,2028-06-30,,2026-09-02 22:15:53.956921+00:00
758,1179195.0,Associazione Calcio Milan,Sankhoun,Diawara,2006-01-13,2031-06-30,,2026-09-02 22:15:53.956921+00:00
759,618341.0,Associazione Calcio Milan,Mario,Gila,2000-08-29,2031-06-30,,2026-09-02 22:15:53.956921+00:00
760,349599.0,Associazione Calcio Milan,Pervis,Estupiñán,1998-01-21,2030-06-30,,2026-09-02 22:15:53.956921+00:00
761,490384.0,Associazione Calcio Milan,Koni,De Winter,2002-06-12,2030-06-30,,2026-09-02 22:15:53.956921+00:00
763,939745.0,Associazione Calcio Milan,Lorenzo,Torriani,2005-01-31,2030-06-30,,2026-09-02 22:15:53.956921+00:00
764,182913.0,Associazione Calcio Milan,Adrien,Rabiot,1995-04-03,2028-06-30,,2026-09-02 22:15:53.956921+00:00
765,323167.0,Associazione Calcio Milan,Matteo,Gabbia,1999-10-21,2029-06-30,,2026-09-02 22:15:53.956921+00:00
766,303254.0,Associazione Calcio Milan,Fikayo,Tomori,1997-12-19,2027-06-30,,2026-09-02 22:15:53.956921+00:00
767,655006.0,Associazione Calcio Milan,Diego,Moreira,2004-08-06,2031-06-30,,2026-09-02 22:15:53.956921+00:00
768,964087.0,Associazione Calcio Milan,Alphadjo,Cissè,2006-10-22,2030-06-30,,2026-09-02 22:15:53.956921+00:00
769,27992.0,Associazione Calcio Milan,Luka,Modrić,1985-09-09,2027-06-30,,2026-09-02 22:15:53.956921+00:00
770,401922.0,Associazione Calcio Milan,Samuel,Chukwueze,1999-05-22,2028-06-30,,2026-09-02 22:15:53.956921+00:00
771,202886.0,Associazione Calcio Milan,Ruben,Loftus-Cheek,1996-01-23,2027-06-30,,2026-09-02 22:15:53.956921+00:00
772,315779.0,Associazione Calcio Milan,Christian,Pulisic,1998-09-18,2027-06-30,,2026-09-02 22:15:53.956921+00:00
773,1058363.0,Associazione Calcio Milan,Christian,Comotto,2008-04-25,2031-06-30,,2026-09-02 22:15:53.956921+00:00
774,741238.0,Associazione Calcio Milan,Omari,Hutchinson,2003-10-30,2027-06-30,,2026-09-02 22:15:53.956921+00:00
775,550550.0,Associazione Calcio Milan,Gonçalo,Ramos,2001-06-20,2031-06-30,,2026-09-02 22:15:53.956921+00:00
776,381950.0,Associazione Calcio Milan,Alexis,Saelemaekers,1999-06-27,2031-06-30,,2026-09-02 22:15:53.956921+00:00
777,503991.0,Associazione Calcio Milan,Yunus,Musah,2002-11-29,2028-06-30,,2026-09-02 22:15:53.956921+00:00
778,659516.0,Associazione Calcio Milan,Warren,Bondo,2003-09-15,2029-06-30,,2026-09-02 22:15:53.956921+00:00
779,1058368.0,Associazione Calcio Milan,Francesco,Camarda,2008-03-10,2031-06-30,,2026-09-02 22:15:53.956921+00:00
780,286047.0,Juventus Football Club,Guglielmo,Vicario,1996-10-07,2027-06-30,,2026-09-02 22:15:53.956921+00:00
781,413565.0,Juventus Football Club,Jhon,Lucumí,1998-06-26,2030-06-30,,2026-09-02 22:15:53.956921+00:00
782,585949.0,Juventus Football Club,Pierre,Kalulu,2000-06-05,2029-06-30,,2026-09-02 22:15:53.956921+00:00
783,516716.0,Juventus Football Club,,Bremer,1997-03-18,2029-06-30,,2026-09-02 22:15:53.956921+00:00
784,686965.0,Juventus Football Club,Juan,Cabal,2001-01-08,2029-06-30,,2026-09-02 22:15:53.956921+00:00
785,346551.0,Juventus Football Club,Kamil,Grabara,1999-01-08,2027-06-30,,2026-09-02 22:15:53.956921+00:00
786,75411.0,Juventus Football Club,Carlo,Pinsoglio,1990-03-16,2027-06-30,,2026-09-02 22:15:53.956921+00:00
787,459658.0,Juventus Football Club,Andrea,Cambiaso,2000-02-20,2029-06-30,,2026-09-02 22:15:53.956921+00:00
788,509022.0,Juventus Football Club,Federico,Gatti,1998-06-24,2030-06-30,,2026-09-02 22:15:53.956921+00:00
789,480116.0,Juventus Football Club,Lloyd,Kelly,1998-10-06,2029-06-30,,2026-09-02 22:15:53.956921+00:00
790,251075.0,Juventus Football Club,Zeki,Çelik,1997-02-17,2029-06-30,,2026-09-02 22:15:53.956921+00:00
791,162959.0,Juventus Football Club,Daniele,Rugani,1994-07-29,2028-06-30,,2026-09-02 22:15:53.956921+00:00
792,929994.0,Juventus Football Club,Kerim,Alajbegovic,2007-09-21,2031-06-30,,2026-09-02 22:15:53.956921+00:00
793,447661.0,Juventus Football Club,,Douglas Luiz,1998-05-09,2029-06-30,,2026-09-02 22:15:53.956921+00:00
794,463618.0,Juventus Football Club,Khéphren,Thuram,2001-03-26,2029-06-30,,2026-09-02 22:15:53.956921+00:00
795,332697.0,Juventus Football Club,Weston,McKennie,1998-08-28,2030-06-30,,2026-09-02 22:15:53.956921+00:00
796,568693.0,Juventus Football Club,Pape Matar,Sarr,2002-09-14,2027-06-30,,2026-09-02 22:15:53.956921+00:00
797,486031.0,Juventus Football Club,Nico,González,1998-04-06,2029-06-30,,2026-09-02 22:15:53.956921+00:00
798,216569.0,Juventus Football Club,Jérémie,Boga,1997-01-03,2029-06-30,,2026-09-02 22:15:53.956921+00:00
799,487474.0,Juventus Football Club,Francisco,Conceição,2002-12-14,2030-06-30,,2026-09-02 22:15:53.956921+00:00
800,496857.0,Juventus Football Club,Edon,Zhegrova,1999-03-31,2030-06-30,,2026-09-02 22:15:53.956921+00:00
801,360518.0,Juventus Football Club,Teun,Koopmeiners,1998-02-28,2029-06-30,,2026-09-02 22:15:53.956921+00:00
802,845654.0,Juventus Football Club,Kenan,Yıldız,2005-05-04,2030-06-30,,2026-09-02 22:15:53.956921+00:00
803,265088.0,Juventus Football Club,Manuel,Locatelli,1998-01-08,2030-06-30,,2026-09-02 22:15:53.956921+00:00
804,191891.0,Juventus Football Club,Arkadiusz,Milik,1994-02-28,2027-06-30,,2026-09-02 22:15:53.956921+00:00
805,487969.0,Juventus Football Club,Randal,Kolo Muani,1998-12-05,2031-06-30,,2026-09-02 22:15:53.956921+00:00
806,934878.0,Juventus Football Club,Jeff,Ekhator,2006-11-11,2031-06-30,,2026-09-02 22:15:53.956921+00:00
807,455661.0,Juventus Football Club,Nick,Woltemade,2002-02-14,2027-06-30,,2026-09-02 22:15:53.956921+00:00
808,652054.0,Bologna Football Club 1909,Martin,Vitík,2003-01-21,2029-06-30,,2026-09-02 22:15:53.956921+00:00
809,992569.0,Bologna Football Club 1909,Massimo,Pessina,2007-12-25,2029-06-30,,2026-09-02 22:15:53.956921+00:00
810,1129198.0,Bologna Football Club 1909,Eivind,Helland,2005-04-25,2030-06-30,,2026-09-02 22:15:53.956921+00:00
811,80894.0,Bologna Football Club 1909,Lukasz,Skorupski,1991-05-05,2027-06-30,,2026-09-02 22:15:53.956921+00:00
812,389837.0,Bologna Football Club 1909,Nicolò,Casale,1998-02-14,2028-06-30,,2026-09-02 22:15:53.956921+00:00
813,1018026.0,Bologna Football Club 1909,Ukko,Happonen,2007-03-13,,,2026-09-02 22:15:53.956921+00:00
814,464469.0,Bologna Football Club 1909,Torbjørn,Heggem,1999-01-12,2029-06-30,,2026-09-02 22:15:53.956921+00:00
815,368891.0,Bologna Football Club 1909,Arthur,Theate,2000-05-25,2027-06-30,,2026-09-02 22:15:53.956921+00:00
816,392966.0,Bologna Football Club 1909,Nadir,Zortea,1999-06-19,2029-06-30,,2026-09-02 22:15:53.956921+00:00
817,929899.0,Bologna Football Club 1909,Rahim,Alhassane,2002-01-01,2030-06-30,,2026-09-02 22:15:53.956921+00:00
818,392538.0,Bologna Football Club 1909,Tommaso,Pobega,1999-07-15,2028-06-30,,2026-09-02 22:15:53.956921+00:00
819,496745.0,Bologna Football Club 1909,Emil,Holm,2000-05-13,2028-06-30,,2026-09-02 22:15:53.956921+00:00
820,341227.0,Bologna Football Club 1909,Juan,Miranda,2000-01-19,2028-06-30,,2026-09-02 22:15:53.956921+00:00
821,345590.0,Bologna Football Club 1909,Jens,Odgaard,1999-03-31,2029-06-30,,2026-09-02 22:15:53.956921+00:00
822,1283311.0,Bologna Football Club 1909,Mikel,Amondarain,2005-01-06,2031-06-30,,2026-09-02 22:15:53.956921+00:00
823,531065.0,Bologna Football Club 1909,Oussama,El Azzouzi,2001-05-29,2027-06-30,,2026-09-02 22:15:53.956921+00:00
824,316934.0,Bologna Football Club 1909,Nikola,Moro,1998-03-12,2027-06-30,,2026-09-02 22:15:53.956921+00:00
825,428563.0,Bologna Football Club 1909,Lewis,Ferguson,1999-08-24,2028-06-30,,2026-09-02 22:15:53.956921+00:00
826,459151.0,Bologna Football Club 1909,Nicolò,Cambiaghi,2000-12-28,2029-06-30,,2026-09-02 22:15:53.956921+00:00
827,33571.0,Bologna Football Club 1909,Lorenzo,De Silvestri,1988-05-23,2027-06-30,,2026-09-02 22:15:53.956921+00:00
828,367992.0,Bologna Football Club 1909,Jesper,Karlsson,1998-07-25,2028-06-30,,2026-09-02 22:15:53.956921+00:00
829,432092.0,Bologna Football Club 1909,Roberto,Piccoli,2001-01-27,2027-06-30,,2026-09-02 22:15:53.956921+00:00
830,368482.0,Bologna Football Club 1909,Riccardo,Orsolini,1997-01-24,2031-06-30,,2026-09-02 22:15:53.956921+00:00
831,654991.0,Bologna Football Club 1909,Samuel,Mbangula,2004-01-16,2027-06-30,,2026-09-02 22:15:53.956921+00:00
832,343537.0,Bologna Football Club 1909,Artem,Dovbyk,1997-06-21,2027-06-30,,2026-09-02 22:15:53.956921+00:00
833,678035.0,Bologna Football Club 1909,Jay,Enem,2003-03-11,2030-06-30,,2026-09-02 22:15:53.956921+00:00
834,197300.0,Bologna Football Club 1909,Federico,Bernardeschi,1994-02-16,2027-06-30,,2026-09-02 22:15:53.956921+00:00
835,441986.0,Football Club Internazionale Milano S.p.A.,Yann,Bisseck,2000-11-29,2031-06-30,,2026-09-02 22:15:53.956921+00:00
836,388516.0,Football Club Internazionale Milano S.p.A.,Josep,Martínez,1998-05-27,2029-06-30,,2026-09-02 22:15:53.956921+00:00
837,70580.0,Football Club Internazionale Milano S.p.A.,Raffaele,Di Gennaro,1993-10-03,2027-06-30,,2026-09-02 22:15:53.956921+00:00
838,315853.0,Football Club Internazionale Milano S.p.A.,Alessandro,Bastoni,1999-04-13,2028-06-30,,2026-09-02 22:15:53.956921+00:00
839,284730.0,Football Club Internazionale Milano S.p.A.,Manuel,Akanji,1995-07-19,2028-06-30,,2026-09-02 22:15:53.956921+00:00
840,197929.0,Football Club Internazionale Milano S.p.A.,Ivan,Provedel,1994-03-17,2029-06-30,,2026-09-02 22:15:53.956921+00:00
841,126414.0,Football Club Internazionale Milano S.p.A.,Hakan,Çalhanoğlu,1994-02-08,2027-06-30,,2026-09-02 22:15:53.956921+00:00
842,780136.0,Football Club Internazionale Milano S.p.A.,Aleksandar,Stanković,2005-08-03,2031-06-30,,2026-09-02 22:15:53.956921+00:00
843,353366.0,Football Club Internazionale Milano S.p.A.,Benjamin,Pavard,1996-03-28,2028-06-30,,2026-09-02 22:15:53.956921+00:00
844,585982.0,Football Club Internazionale Milano S.p.A.,,Carlos Augusto,1999-01-07,2028-06-30,,2026-09-02 22:15:53.956921+00:00
845,483348.0,Football Club Internazionale Milano S.p.A.,Djed,Spence,2000-08-09,2031-06-30,,2026-09-02 22:15:53.956921+00:00
846,186590.0,Football Club Internazionale Milano S.p.A.,John,Stones,1994-05-28,2028-06-30,,2026-09-02 22:15:53.956921+00:00
847,55735.0,Football Club Internazionale Milano S.p.A.,Henrikh,Mkhitaryan,1989-01-21,2027-06-30,,2026-09-02 22:15:53.956921+00:00
848,433188.0,Football Club Internazionale Milano S.p.A.,Curtis,Jones,2001-01-30,2031-06-30,,2026-09-02 22:15:53.956921+00:00
849,181136.0,Football Club Internazionale Milano S.p.A.,Piotr,Zielinski,1994-05-20,2028-06-30,,2026-09-02 22:15:53.956921+00:00
850,668207.0,Football Club Internazionale Milano S.p.A.,Petar,Sučić,2003-10-25,2030-06-30,,2026-09-02 22:15:53.956921+00:00
851,255942.0,Football Club Internazionale Milano S.p.A.,Nicolò,Barella,1997-02-07,2029-06-30,,2026-09-02 22:15:53.956921+00:00
852,198116.0,Football Club Internazionale Milano S.p.A.,Federico,Dimarco,1997-11-10,2027-06-30,,2026-09-02 22:15:53.956921+00:00
853,691316.0,Football Club Internazionale Milano S.p.A.,,Luis Henrique,2001-12-14,2030-06-30,,2026-09-02 22:15:53.956921+00:00
854,711976.0,Football Club Internazionale Milano S.p.A.,Andy,Diouf,2003-05-17,2030-06-30,,2026-09-02 22:15:53.956921+00:00
855,406625.0,Football Club Internazionale Milano S.p.A.,Lautaro,Martínez,1997-08-22,2029-06-30,,2026-09-02 22:15:53.956921+00:00
856,827734.0,Football Club Internazionale Milano S.p.A.,Ange-Yoan,Bonny,2003-10-25,2030-06-30,,2026-09-02 22:15:53.956921+00:00
857,318528.0,Football Club Internazionale Milano S.p.A.,Marcus,Thuram,1997-08-06,2028-06-30,,2026-09-02 22:15:53.956921+00:00
858,930781.0,Football Club Internazionale Milano S.p.A.,Pio,Esposito,2005-06-28,2030-06-30,,2026-09-02 22:15:53.956921+00:00
859,323255.0,Unione Sportiva Sassuolo Calcio,Giacomo,Satalino,1999-05-20,2027-06-30,,2026-09-02 22:15:53.956921+00:00
860,520530.0,Unione Sportiva Sassuolo Calcio,Fali,Candé,1998-01-24,2029-06-30,,2026-09-02 22:15:53.956921+00:00
861,543666.0,Unione Sportiva Sassuolo Calcio,Stefano,Turati,2001-09-05,2028-06-30,,2026-09-02 22:15:53.956921+00:00
862,1168024.0,Unione Sportiva Sassuolo Calcio,Lorenzo,Nyarko,2007-10-20,,,2026-09-02 22:15:53.956921+00:00
863,238266.0,Unione Sportiva Sassuolo Calcio,Duje,Caleta-Car,1996-09-17,2028-06-30,,2026-09-02 22:15:53.956921+00:00
864,546926.0,Unione Sportiva Sassuolo Calcio,Jay,Idzes,2000-06-02,2029-06-30,,2026-09-02 22:15:53.956921+00:00
865,660746.0,Unione Sportiva Sassuolo Calcio,Fedde,Leysen,2003-07-09,2027-06-30,,2026-09-02 22:15:53.956921+00:00
866,371021.0,Unione Sportiva Sassuolo Calcio,Arijanet,Murić,1998-11-07,,,2026-09-02 22:15:53.956921+00:00
867,406632.0,Unione Sportiva Sassuolo Calcio,Cas,Odenthal,2000-09-26,2027-06-30,,2026-09-02 22:15:53.956921+00:00
868,982267.0,Unione Sportiva Sassuolo Calcio,Ibrahim,Sulemana,2003-05-22,2027-06-30,,2026-09-02 22:15:53.956921+00:00
869,691825.0,Unione Sportiva Sassuolo Calcio,Edoardo,Pieragnolo,2003-01-03,2029-06-30,,2026-09-02 22:15:53.956921+00:00
870,345458.0,Unione Sportiva Sassuolo Calcio,Sebastian,Walukiewicz,2000-04-05,,,2026-09-02 22:15:53.956921+00:00
871,567129.0,Unione Sportiva Sassuolo Calcio,Josh,Doig,2002-05-18,2028-06-30,,2026-09-02 22:15:53.956921+00:00
872,490423.0,Unione Sportiva Sassuolo Calcio,Ignace,Van der Brempt,2002-04-01,2027-06-30,,2026-09-02 22:15:53.956921+00:00
873,724106.0,Unione Sportiva Sassuolo Calcio,Luca,Lipani,2005-05-18,2028-06-30,,2026-09-02 22:15:53.956921+00:00
874,646747.0,Unione Sportiva Sassuolo Calcio,Rafa,Obrador,2004-02-24,2027-06-30,,2026-09-02 22:15:53.956921+00:00
875,655525.0,Unione Sportiva Sassuolo Calcio,Yeferson,Paz,2002-06-13,2027-06-30,,2026-09-02 22:15:53.956921+00:00
876,74683.0,Unione Sportiva Sassuolo Calcio,Nemanja,Matić,1988-08-01,2027-06-30,,2026-09-02 22:15:53.956921+00:00
877,441515.0,Unione Sportiva Sassuolo Calcio,Daniel,Boloca,1998-12-22,2028-06-30,,2026-09-02 22:15:53.956921+00:00
878,1019116.0,Unione Sportiva Sassuolo Calcio,Giorgio,Vezzosi,2007-01-14,,,2026-09-02 22:15:53.956921+00:00
879,390163.0,Unione Sportiva Sassuolo Calcio,Andrea,Ghion,2000-02-23,2029-06-30,,2026-09-02 22:15:53.956921+00:00
880,655207.0,Unione Sportiva Sassuolo Calcio,Laurs,Skjellerup,2002-08-12,2029-06-30,,2026-09-02 22:15:53.956921+00:00
881,177843.0,Unione Sportiva Sassuolo Calcio,Domenico,Berardi,1994-08-01,2029-06-30,,2026-09-02 22:15:53.956921+00:00
882,1170286.0,Unione Sportiva Sassuolo Calcio,Darryl,Bakola,2007-11-30,2030-06-30,,2026-09-02 22:15:53.956921+00:00
883,919669.0,Unione Sportiva Sassuolo Calcio,Simone,Cinquegrano,2004-06-25,2027-06-30,,2026-09-02 22:15:53.956921+00:00
884,961022.0,Unione Sportiva Sassuolo Calcio,Benja,Domínguez,2003-09-19,2027-06-30,,2026-09-02 22:15:53.956921+00:00
885,538918.0,Unione Sportiva Sassuolo Calcio,Sebastiano,Esposito,2002-07-02,2027-06-30,,2026-09-02 22:15:53.956921+00:00
886,372720.0,Unione Sportiva Sassuolo Calcio,Nicholas,Pierini,1998-08-06,2027-06-30,,2026-09-02 22:15:53.956921+00:00
887,944570.0,Unione Sportiva Sassuolo Calcio,Vasilije,Adžić,2006-05-12,2027-06-30,,2026-09-02 22:15:53.956921+00:00
888,921655.0,Unione Sportiva Sassuolo Calcio,Ismaël,Koné,2002-06-16,2030-06-30,,2026-09-02 22:15:53.956921+00:00
889,746891.0,Unione Sportiva Sassuolo Calcio,Cristian,Volpato,2003-11-15,2028-06-30,,2026-09-02 22:15:53.956921+00:00
890,564785.0,Unione Sportiva Sassuolo Calcio,Kristian,Thorstvedt,1999-03-13,2027-06-30,,2026-09-02 22:15:53.956921+00:00
891,647280.0,Unione Sportiva Sassuolo Calcio,Kieron,Bowie,2002-09-21,2027-06-30,,2026-09-02 22:15:53.956921+00:00
892,579930.0,Unione Sportiva Sassuolo Calcio,Armand,Laurienté,1998-12-04,2029-06-30,,2026-09-02 22:15:53.956921+00:00
893,258482.0,Cagliari Calcio,Boris,Radunović,1996-05-26,2029-06-30,,2026-09-02 22:15:53.956921+00:00
894,421873.0,Cagliari Calcio,Elia,Caprile,2001-08-25,2029-06-30,,2026-09-02 22:15:53.956921+00:00
895,304144.0,Cagliari Calcio,Alen,Sherri,1997-12-15,2028-06-30,,2026-09-02 22:15:53.956921+00:00
896,457444.0,Cagliari Calcio,Giuseppe,Aurelio,2000-03-22,2029-06-30,,2026-09-02 22:15:53.956921+00:00
897,405385.0,Cagliari Calcio,Yukinari,Sugawara,2000-06-28,2027-06-30,,2026-09-02 22:15:53.956921+00:00
898,289446.0,Cagliari Calcio,Yerry,Mina,1994-09-23,2028-06-30,,2026-09-02 22:15:53.956921+00:00
899,885226.0,Cagliari Calcio,Riyad,Idrissi,2005-06-13,2030-06-30,,2026-09-02 22:15:53.956921+00:00
900,1228231.0,Cagliari Calcio,Juan,Rodríguez,2005-05-30,2030-06-30,,2026-09-02 22:15:53.956921+00:00
901,406151.0,Cagliari Calcio,,Zé Pedro,1997-06-06,2028-06-30,,2026-09-02 22:15:53.956921+00:00
902,691482.0,Cagliari Calcio,Jacopo,Fazzini,2003-03-16,2027-06-30,,2026-09-02 22:15:53.956921+00:00
903,249126.0,Cagliari Calcio,Harry,Winks,1996-02-02,2028-06-30,,2026-09-02 22:15:53.956921+00:00
904,1039342.0,Cagliari Calcio,Raphael,Kofler,2005-04-26,2027-06-30,,2026-09-02 22:15:53.956921+00:00
905,911224.0,Cagliari Calcio,Alessandro,Romano,2006-06-17,2027-06-30,,2026-09-02 22:15:53.956921+00:00
906,568333.0,Cagliari Calcio,Adam,Obert,2002-08-23,2030-06-30,,2026-09-02 22:15:53.956921+00:00
907,1048013.0,Cagliari Calcio,Nicola,Grandu,2006-07-15,2027-06-30,,2026-09-02 22:15:53.956921+00:00
908,1134304.0,Cagliari Calcio,Joseph,Liteta,2006-02-22,2030-06-30,,2026-09-02 22:15:53.956921+00:00
909,915849.0,Cagliari Calcio,Yanis,Massolin,2002-09-20,2027-06-30,,2026-09-02 22:15:53.956921+00:00
910,749552.0,Cagliari Calcio,Alieu,Fadera,2001-11-03,2027-06-30,,2026-09-02 22:15:53.956921+00:00
911,197471.0,Cagliari Calcio,Roberto,Gagliardini,1994-04-07,2027-06-30,,2026-09-02 22:15:53.956921+00:00
912,1078164.0,Cagliari Calcio,Demi,Akarakiri,2007-09-29,2030-06-30,,2026-09-02 22:15:53.956921+00:00
913,1371793.0,Cagliari Calcio,Paul,Mendy,2007-01-13,2031-06-30,,2026-09-02 22:15:53.956921+00:00
914,235931.0,Cagliari Calcio,Alessandro,Deiola,1995-08-01,2029-06-30,,2026-09-02 22:15:53.956921+00:00
915,564305.0,Cagliari Calcio,Michel,Adopo,2000-07-19,2029-06-30,,2026-09-02 22:15:53.956921+00:00
916,539134.0,Cagliari Calcio,Daniel,Maldini,2001-10-11,2027-06-30,,2026-09-02 22:15:53.956921+00:00
917,926839.0,Cagliari Calcio,Ivan,Sulev,2006-09-11,2029-06-30,,2026-09-02 22:15:53.956921+00:00
918,718201.0,Cagliari Calcio,,Kevin Carlos,2001-04-10,2027-06-30,,2026-09-02 22:15:53.956921+00:00
919,628558.0,Cagliari Calcio,Riccardo,Ciervo,2002-04-01,2027-06-30,,2026-09-02 22:15:53.956921+00:00
920,600041.0,Cagliari Calcio,Mattia,Felici,2001-04-17,2027-06-30,,2026-09-02 22:15:53.956921+00:00
921,354814.0,Cagliari Calcio,M'Bala,Nzola,1996-08-18,2027-06-30,,2026-09-02 22:15:53.956921+00:00
922,1099924.0,Cagliari Calcio,Yael,Trepy,2006-05-20,2030-06-30,,2026-09-02 22:15:53.956921+00:00
923,459988.0,Cagliari Calcio,Gennaro,Borrelli,2000-03-10,2029-06-30,,2026-09-02 22:15:53.956921+00:00
924,352041.0,Torino Calcio,Lucas,Perri,1997-12-10,2027-06-30,,2026-09-02 22:15:53.956921+00:00
925,163048.0,Torino Calcio,Alberto,Paleari,1992-08-29,2027-06-30,,2026-09-02 22:15:53.956921+00:00
926,942103.0,Torino Calcio,Lapo,Siviero,2006-11-23,2029-06-30,,2026-09-02 22:15:53.956921+00:00
927,588426.0,Torino Calcio,Saúl,Coco,1999-02-09,2029-06-30,,2026-09-02 22:15:53.956921+00:00
928,298583.0,Torino Calcio,Eray,Cömert,1998-02-04,2028-06-30,,2026-09-02 22:15:53.956921+00:00
929,981998.0,Torino Calcio,Diego,Mascardi,2006-09-26,2031-06-30,,2026-09-02 22:15:53.956921+00:00
930,492319.0,Torino Calcio,Franco,Israel,2000-04-22,2028-06-30,,2026-09-02 22:15:53.956921+00:00
931,435228.0,Torino Calcio,Ardian,Ismajli,1996-09-30,2027-06-30,,2026-09-02 22:15:53.956921+00:00
932,746712.0,Torino Calcio,Pietro,Comuzzo,2005-02-20,2027-06-30,,2026-09-02 22:15:53.956921+00:00
933,984964.0,Torino Calcio,Niccolò,Fortini,2006-02-13,2027-06-30,,2026-09-02 22:15:53.956921+00:00
934,798929.0,Torino Calcio,Gvidas,Gineitis,2004-04-15,2029-06-30,,2026-09-02 22:15:53.956921+00:00
935,424015.0,Torino Calcio,Nathan,Patterson,2001-10-16,2029-06-30,,2026-09-02 22:15:53.956921+00:00
936,864306.0,Torino Calcio,Rafik,Belghali,2002-06-07,2027-06-30,,2026-09-02 22:15:53.956921+00:00
937,1188619.0,Torino Calcio,Alessio,Cacciamani,2007-06-29,2029-06-30,,2026-09-02 22:15:53.956921+00:00
938,461943.0,Torino Calcio,Daniel,Bragança,1999-05-27,2027-06-30,,2026-09-02 22:15:53.956921+00:00
939,559333.0,Torino Calcio,Kian,Fitz-Jim,2003-07-05,2029-06-30,,2026-09-02 22:15:53.956921+00:00
940,622380.0,Torino Calcio,Cesare,Casadei,2003-01-10,2029-06-30,,2026-09-02 22:15:53.956921+00:00
941,743091.0,Torino Calcio,Emirhan,İlkhan,2004-06-01,2027-06-30,,2026-09-02 22:15:53.956921+00:00
942,293200.0,Torino Calcio,Nikola,Vlašić,1997-10-04,2027-06-30,,2026-09-02 22:15:53.956921+00:00
943,1191921.0,Torino Calcio,Andrea,Luongo,2008-02-16,2029-06-30,,2026-09-02 22:15:53.956921+00:00
944,124555.0,Torino Calcio,Cristiano,Biraghi,1992-09-01,2027-06-30,,2026-09-02 22:15:53.956921+00:00
945,433181.0,Torino Calcio,Tino,Anjorin,2001-11-23,2028-06-30,,2026-09-02 22:15:53.956921+00:00
946,308279.0,Torino Calcio,Rolando,Mandragora,1997-06-29,2029-06-30,,2026-09-02 22:15:53.956921+00:00
947,346779.0,Torino Calcio,Ché,Adams,1996-07-13,2027-06-30,,2026-09-02 22:15:53.956921+00:00
948,364133.0,Torino Calcio,Pietro,Pellegri,2001-03-17,2027-06-30,,2026-09-02 22:15:53.956921+00:00
949,613393.0,Torino Calcio,Gaetano,Oristanio,2002-09-28,2027-06-30,,2026-09-02 22:15:53.956921+00:00
950,282388.0,Torino Calcio,Giovanni,Simeone,1995-07-05,2028-06-30,,2026-09-02 22:15:53.956921+00:00
951,73794.0,Torino Calcio,Duván,Zapata,1991-04-01,2028-06-30,,2026-09-02 22:15:53.956921+00:00
952,357778.0,Torino Calcio,Sandro,Kulenović,1999-12-04,2029-06-30,,2026-09-02 22:15:53.956921+00:00
953,393238.0,Torino Calcio,Zakaria,Aboukhlal,2000-02-18,2029-06-30,,2026-09-02 22:15:53.956921+00:00
954,1159864.0,Parma Calcio 1913,Mariano,Troilo,2003-06-28,2030-06-30,,2026-09-02 22:15:53.956921+00:00
955,673514.0,Parma Calcio 1913,Abdoulaye,Ndiaye,2002-04-10,2029-06-30,,2026-09-02 22:15:53.956921+00:00
956,814473.0,Parma Calcio 1913,Giovanni,Daffara,2004-12-05,2031-06-30,,2026-09-02 22:15:53.956921+00:00
957,528181.0,Parma Calcio 1913,Edoardo,Corvi,2001-03-23,2029-06-30,,2026-09-02 22:15:53.956921+00:00
958,329145.0,Parma Calcio 1913,,Diego Carlos,1993-03-15,2027-06-30,,2026-09-02 22:15:53.956921+00:00
959,357983.0,Parma Calcio 1913,Simone,Ghidotti,2000-03-19,,,2026-09-02 22:15:53.956921+00:00
960,1009616.0,Parma Calcio 1913,Dominik,Drobnic,2007-04-05,,,2026-09-02 22:15:53.956921+00:00
961,625202.0,Parma Calcio 1913,Lautaro,Valenti,1999-01-14,2027-06-30,,2026-09-02 22:15:53.956921+00:00
962,392956.0,Parma Calcio 1913,Enrico,Delprato,1999-11-10,2027-06-30,,2026-09-02 22:15:53.956921+00:00
963,731491.0,Parma Calcio 1913,Franco,Carboni,2003-04-04,2030-06-30,,2026-09-02 22:15:53.956921+00:00
964,445126.0,Parma Calcio 1913,Emanuele,Valeri,1998-12-07,2028-06-30,,2026-09-02 22:15:53.956921+00:00
965,932187.0,Parma Calcio 1913,Sascha,Britschgi,2006-08-27,2030-06-30,,2026-09-02 22:15:53.956921+00:00
966,1087009.0,Parma Calcio 1913,Abdou-Salam,Konate,2006-11-25,2029-06-30,,2026-09-02 22:15:53.956921+00:00
967,430280.0,Parma Calcio 1913,Hans,Nicolussi Caviglia,2000-06-18,2030-06-30,,2026-09-02 22:15:53.956921+00:00
968,707844.0,Parma Calcio 1913,Mandela,Keita,2002-05-10,2029-06-30,,2026-09-02 22:15:53.956921+00:00
969,466802.0,Parma Calcio 1913,Adrián,Bernabé,2001-05-26,2027-06-30,,2026-09-02 22:15:53.956921+00:00
970,999127.0,Parma Calcio 1913,Benja,Cremaschi,2005-03-02,2031-06-30,,2026-09-02 22:15:53.956921+00:00
971,1043646.0,Parma Calcio 1913,Christian,Ordóñez,2004-07-24,2030-06-30,,2026-09-02 22:15:53.956921+00:00
972,633668.0,Parma Calcio 1913,Giovanni,Fabbian,2003-01-14,2027-06-30,,2026-09-02 22:15:53.956921+00:00
973,668512.0,Parma Calcio 1913,David,Romero,2003-03-25,2031-06-30,,2026-09-02 22:15:53.956921+00:00
974,840149.0,Parma Calcio 1913,Matija,Frigan,2003-02-11,2030-06-30,,2026-09-02 22:15:53.956921+00:00
975,962149.0,Parma Calcio 1913,Ousmane,Diallo,2007-06-12,2031-06-30,,2026-09-02 22:15:53.956921+00:00
976,1058366.0,Parma Calcio 1913,Simone,Lontani,2008-01-18,2030-06-30,,2026-09-02 22:15:53.956921+00:00
977,862606.0,Parma Calcio 1913,Nesta,Elphege,2001-01-09,2030-06-30,,2026-09-02 22:15:53.956921+00:00
978,1231230.0,Parma Calcio 1913,Thomás,De Martis,2008-06-26,2027-06-30,,2026-09-02 22:15:53.956921+00:00
979,649016.0,Parma Calcio 1913,El Bilal,Touré,2001-10-03,2027-06-30,,2026-09-02 22:15:53.956921+00:00
980,300532.0,Parma Calcio 1913,Pontus,Almqvist,1999-07-10,2027-06-30,,2026-09-02 22:15:53.956921+00:00
981,435406.0,Associazione Calcio Monza,Demba,Thiam,1998-03-05,2028-06-30,,2026-09-02 22:15:53.956921+00:00
982,730531.0,Associazione Calcio Monza,Noel,Törnqvist,2002-02-01,2027-06-30,,2026-09-02 22:15:53.956921+00:00
983,906160.0,Associazione Calcio Monza,Saba,Goglichidze,2004-06-25,2027-06-30,,2026-09-02 22:15:53.956921+00:00
984,1009618.0,Associazione Calcio Monza,Aljaz,Strajnar,2007-08-16,2029-06-30,,2026-09-02 22:15:53.956921+00:00
985,1046867.0,Associazione Calcio Monza,Jan,Ziolkowski,2005-06-05,2027-06-30,,2026-09-02 22:15:53.956921+00:00
986,567454.0,Associazione Calcio Monza,Lorenzo,Lucchesi,2003-05-09,2030-06-30,,2026-09-02 22:15:53.956921+00:00
987,461019.0,Associazione Calcio Monza,Samuele,Birindelli,1999-07-19,2028-06-30,,2026-09-02 22:15:53.956921+00:00
988,1167990.0,Associazione Calcio Monza,Mathis,Mout,2007-08-06,,,2026-09-02 22:15:53.956921+00:00
989,314944.0,Associazione Calcio Monza,Ricardo,Mangas,1998-03-19,2027-06-30,,2026-09-02 22:15:53.956921+00:00
990,891869.0,Associazione Calcio Monza,Leonardo,Colombo,2005-06-04,2029-06-30,,2026-09-02 22:15:53.956921+00:00
991,377042.0,Associazione Calcio Monza,Michael,Folorunsho,1998-02-07,2027-06-30,,2026-09-02 22:15:53.956921+00:00
992,227347.0,Associazione Calcio Monza,Valentin,Antov,2000-11-09,2027-06-30,,2026-09-02 22:15:53.956921+00:00
993,969192.0,Associazione Calcio Monza,Ebenezer,Akinsanmiro,2004-11-25,2027-06-30,,2026-09-02 22:15:53.956921+00:00
994,957822.0,Associazione Calcio Monza,Eddy,Kouadio,2006-05-07,2027-06-30,,2026-09-02 22:15:53.956921+00:00
995,481834.0,Associazione Calcio Monza,Andrea,Carboni,2001-02-04,2029-06-30,,2026-09-02 22:15:53.956921+00:00
996,1010150.0,Associazione Calcio Monza,Adam,Bakoune,2006-02-06,2027-06-30,,2026-09-02 22:15:53.956921+00:00
997,1041129.0,Associazione Calcio Monza,Yvan,Maye,2006-03-21,2027-06-30,,2026-09-02 22:15:53.956921+00:00
998,332179.0,Associazione Calcio Monza,Matteo,Pessina,1997-04-21,2027-06-30,,2026-09-02 22:15:53.956921+00:00
999,670845.0,Associazione Calcio Monza,Omari,Forson,2004-07-20,2028-06-30,,2026-09-02 22:15:53.956921+00:00
1000,255838.0,Associazione Calcio Monza,Patrick,Ciurria,1995-02-09,2028-06-30,,2026-09-02 22:15:53.956921+00:00
1001,238752.0,Associazione Calcio Monza,Keita,Baldé,1995-03-08,2027-06-30,,2026-09-02 22:15:53.956921+00:00
1002,1045124.0,Associazione Calcio Monza,Jay,Robinson,2007-03-15,2027-06-30,,2026-09-02 22:15:53.956921+00:00
1003,265078.0,Associazione Calcio Monza,Patrick,Cutrone,1998-01-03,2029-06-30,,2026-09-02 22:15:53.956921+00:00
1004,661132.0,Associazione Calcio Monza,Exequiel,Zeballos,2002-04-24,2030-06-30,,2026-09-02 22:15:53.956921+00:00
1005,358032.0,Associazione Calcio Monza,Cyril,Ngonge,2000-05-26,2027-06-30,,2026-09-02 22:15:53.956921+00:00
1006,724069.0,Associazione Calcio Monza,Kevin,Martins,2005-01-31,2028-06-30,,2026-09-02 22:15:53.956921+00:00
1007,931900.0,Associazione Calcio Monza,Gustavo,Varela,2005-01-30,2030-06-30,,2026-09-02 22:15:53.956921+00:00
1008,392959.0,Associazione Calcio Monza,Andrea,Colpani,1999-05-11,2028-06-30,,2026-09-02 22:15:53.956921+00:00
1009,1143375.0,Associazione Calcio Monza,,Foe Ondoa,2005-12-12,2030-06-30,,2026-09-02 22:15:53.956921+00:00
1010,335516.0,Associazione Calcio Monza,Idrissa,Touré,1998-04-29,2028-06-30,,2026-09-02 22:15:53.956921+00:00
1011,347253.0,Associazione Calcio Monza,Dany,Mota,1998-05-02,2027-06-30,,2026-09-02 22:15:53.956921+00:00
1012,616628.0,Frosinone Calcio S.r.l.,Giorgio,Cittadini,2002-04-18,2027-06-30,,2026-09-02 22:15:53.956921+00:00
1013,550116.0,Frosinone Calcio S.r.l.,Ilario,Monterisi,2001-12-19,2027-06-30,,2026-09-02 22:15:53.956921+00:00
1014,705355.0,Frosinone Calcio S.r.l.,Lorenzo,Palmisani,2004-06-12,2029-06-30,,2026-09-02 22:15:53.956921+00:00
1015,404260.0,Frosinone Calcio S.r.l.,Aleksa,Terzić,1999-08-17,2029-06-30,,2026-09-02 22:15:53.956921+00:00
1016,745778.0,Frosinone Calcio S.r.l.,Gabriele,Calvani,2004-01-12,2027-06-30,,2026-09-02 22:15:53.956921+00:00
1017,818878.0,Frosinone Calcio S.r.l.,Wisdom,Amey,2005-08-11,2027-06-30,,2026-09-02 22:15:53.956921+00:00
1018,842338.0,Frosinone Calcio S.r.l.,Enzo,Tchato,2002-11-23,2030-06-30,,2026-09-02 22:15:53.956921+00:00
1019,1036405.0,Frosinone Calcio S.r.l.,,Omar Fayed,2003-07-04,2030-06-30,,2026-09-02 22:15:53.956921+00:00
1020,160241.0,Frosinone Calcio S.r.l.,Kevin,Akpoguma,1995-04-19,2028-06-30,,2026-09-02 22:15:53.956921+00:00
1021,740517.0,Frosinone Calcio S.r.l.,Eldin,Lolic,2004-05-15,2027-06-30,,2026-09-02 22:15:53.956921+00:00
1022,571600.0,Frosinone Calcio S.r.l.,Gabriele,Bracaglia,2003-07-19,2028-06-30,,2026-09-02 22:15:53.956921+00:00
1023,168444.0,Frosinone Calcio S.r.l.,Matteo,Pisseri,1991-11-21,,,2026-09-02 22:15:53.956921+00:00
1024,567465.0,Frosinone Calcio S.r.l.,Sebastiano,Desplanches,2003-03-11,2027-06-30,,2026-09-02 22:15:53.956921+00:00
1025,927905.0,Frosinone Calcio S.r.l.,Matteo,Cichella,2005-10-04,,,2026-09-02 22:15:53.956921+00:00
1026,195736.0,Frosinone Calcio S.r.l.,Florian,Grillitsch,1995-08-07,2027-06-30,,2026-09-02 22:15:53.956921+00:00
1027,593774.0,Frosinone Calcio S.r.l.,Anouar,El Azzouzi,2001-05-29,2029-06-30,,2026-09-02 22:15:53.956921+00:00
1028,724178.0,Frosinone Calcio S.r.l.,Luis,Hasa,2004-01-06,2030-06-30,,2026-09-02 22:15:53.956921+00:00
1029,459665.0,Frosinone Calcio S.r.l.,Patrizio,Masini,2001-01-27,2027-06-30,,2026-09-02 22:15:53.956921+00:00
1030,888738.0,Frosinone Calcio S.r.l.,Farès,Ghedjemis,2002-09-06,2028-06-30,,2026-09-02 22:15:53.956921+00:00
1031,534161.0,Frosinone Calcio S.r.l.,Ilias,Koutsoupias,2001-05-10,2027-06-30,,2026-09-02 22:15:53.956921+00:00
1032,433584.0,Frosinone Calcio S.r.l.,Alessio,Zerbin,1999-03-03,2029-06-30,,2026-09-02 22:15:53.956921+00:00
1033,301235.0,Frosinone Calcio S.r.l.,Giacomo,Calò,1997-02-05,2029-06-30,,2026-09-02 22:15:53.956921+00:00
1034,337811.0,Frosinone Calcio S.r.l.,Francesco,Gelli,1996-10-15,,,2026-09-02 22:15:53.956921+00:00
1035,522681.0,Frosinone Calcio S.r.l.,Ben Lhassine,Kone,2000-03-14,2029-06-30,,2026-09-02 22:15:53.956921+00:00
1036,412758.0,Frosinone Calcio S.r.l.,Giorgi,Kvernadze,2003-02-07,2028-06-30,,2026-09-02 22:15:53.956921+00:00
1037,346853.0,Frosinone Calcio S.r.l.,Romano,Schmid,2000-01-27,2030-06-30,,2026-09-02 22:15:53.956921+00:00
1038,804812.0,Frosinone Calcio S.r.l.,Anthony,Oyono,2001-04-12,2027-06-30,,2026-09-02 22:15:53.956921+00:00
1039,510103.0,Frosinone Calcio S.r.l.,Tomas,Bobcek,2001-09-08,2031-06-30,,2026-09-02 22:15:53.956921+00:00
1040,1086590.0,Frosinone Calcio S.r.l.,Alejandro,Cichero,2006-07-11,,,2026-09-02 22:15:53.956921+00:00
1041,866250.0,Frosinone Calcio S.r.l.,Seydou,Fini,2006-06-02,2027-06-30,,2026-09-02 22:15:53.956921+00:00
1042,468192.0,Frosinone Calcio S.r.l.,Daniel,Bîrligea,2000-04-19,2027-06-30,,2026-09-02 22:15:53.956921+00:00
1043,818888.0,Frosinone Calcio S.r.l.,Antonio,Raimondo,2004-03-18,2027-06-30,,2026-09-02 22:15:53.956921+00:00
1044,552223.0,Venezia Football Club,Filip,Stanković,2002-02-25,2030-06-30,,2026-09-02 22:15:53.956921+00:00
1045,913660.0,Venezia Football Club,Redouane,Halhal,2003-03-05,2030-06-30,,2026-09-02 22:15:53.956921+00:00
1046,494805.0,Venezia Football Club,Alessio,Pozzi,2000-12-14,2030-06-30,,2026-09-02 22:15:53.956921+00:00
1047,241923.0,Venezia Football Club,Lorenzo,Montipò,1996-02-20,2028-06-30,,2026-09-02 22:15:53.956921+00:00
1048,155038.0,Venezia Football Club,Matteo,Grandi,1992-10-12,2028-06-30,,2026-09-02 22:15:53.956921+00:00
1049,1144700.0,Venezia Football Club,Matías,Moreno,2003-09-24,2027-06-30,,2026-09-02 22:15:53.956921+00:00
1050,707809.0,Venezia Football Club,Joël,Schingtienne,2002-08-14,2029-06-30,,2026-09-02 22:15:53.956921+00:00
1051,467563.0,Venezia Football Club,Armel,Bella-Kotchap,2001-12-11,2030-06-30,,2026-09-02 22:15:53.956921+00:00
1052,121985.0,Venezia Football Club,,Juan Jesus,1991-06-10,2027-06-30,,2026-09-02 22:15:53.956921+00:00
1053,1371198.0,Venezia Football Club,Ale,Gomes,2008-02-14,2031-06-30,,2026-09-02 22:15:53.956921+00:00
1054,250153.0,Venezia Football Club,Pasquale,Mazzocchi,1995-07-27,2027-06-30,,2026-09-02 22:15:53.956921+00:00
1055,282169.0,Venezia Football Club,Marin,Šverko,1998-02-04,2028-06-30,,2026-09-02 22:15:53.956921+00:00
1056,370998.0,Venezia Football Club,Bartol,Franjic,2000-01-14,,,2026-09-02 22:15:53.956921+00:00
1057,487836.0,Venezia Football Club,Simone,Panada,2002-06-02,2030-06-30,,2026-09-02 22:15:53.956921+00:00
1058,655009.0,Venezia Football Club,Richie,Sagrado,2004-01-30,2028-06-30,,2026-09-02 22:15:53.956921+00:00
1059,228444.0,Venezia Football Club,Ridgeciano,Haps,1993-06-12,2028-06-30,,2026-09-02 22:15:53.956921+00:00
1060,507486.0,Venezia Football Club,Simon,Sohm,2001-04-11,2027-06-30,,2026-09-02 22:15:53.956921+00:00
1061,1321938.0,Venezia Football Club,Rufai,Mohammed,2006-03-15,2027-06-30,,2026-09-02 22:15:53.956921+00:00
1062,367466.0,Venezia Football Club,Thierry,Correia,1999-03-09,2027-06-30,,2026-09-02 22:15:53.956921+00:00
1063,862744.0,Venezia Football Club,Junior,Ligue,2005-03-21,2028-06-30,,2026-09-02 22:15:53.956921+00:00
1064,504209.0,Venezia Football Club,Gianluca,Busio,2002-05-28,2028-06-30,,2026-09-02 22:15:53.956921+00:00
1065,917375.0,Venezia Football Club,Antoine,Hainaut,2002-02-18,2028-06-30,,2026-09-02 22:15:53.956921+00:00
1066,1130743.0,Venezia Football Club,Lorenzo,Berardi,2006-04-05,2031-06-30,,2026-09-02 22:15:53.956921+00:00
1067,903706.0,Venezia Football Club,Albion,Rrahmani,2000-08-31,2029-06-30,,2026-09-02 22:15:53.956921+00:00
1068,1066206.0,Venezia Football Club,Toni,Fernández,2008-07-15,2027-06-30,,2026-09-02 22:15:53.956921+00:00
1069,1126888.0,Venezia Football Club,Lamine,Fanne,2004-01-30,2030-06-30,,2026-09-02 22:15:53.956921+00:00
1070,936684.0,Venezia Football Club,Saad,El Haddad,2005-07-24,2027-06-30,,2026-09-02 22:15:53.956921+00:00
1071,1148082.0,Venezia Football Club,Kornel,Lisman,2006-02-20,2030-06-30,,2026-09-02 22:15:53.956921+00:00
1072,744621.0,Venezia Football Club,Matteo,Dagasso,2004-04-01,2030-06-30,,2026-09-02 22:15:53.956921+00:00
1073,334835.0,Venezia Football Club,Toma,Bašić,1996-11-25,2029-06-30,,2026-09-02 22:15:53.956921+00:00
1074,607034.0,Venezia Football Club,Akor,Adams,2000-01-29,2030-06-30,,2026-09-02 22:15:53.956921+00:00
1075,439914.0,Venezia Football Club,John,Yeboah,2000-06-23,2028-06-30,,2026-09-02 22:15:53.956921+00:00
1076,527698.0,Venezia Football Club,Kike,Pérez,1997-02-14,2027-06-30,,2026-09-02 22:15:53.956921+00:00
1077,488996.0,Venezia Football Club,Thórir Jóhann,Helgason,2000-09-28,2029-06-30,,2026-09-02 22:15:53.956921+00:00
1078,184894.0,Venezia Football Club,Alfred,Duncan,1993-03-10,2027-06-30,,2026-09-02 22:15:53.956921+00:00
1079,1372355.0,Venezia Football Club,Mohamed Malang,Touré,2006-12-31,,,2026-09-02 22:15:53.956921+00:00
1080,307800.0,Venezia Football Club,Lion,Lauberbach,1998-02-15,2029-06-30,,2026-09-02 22:15:53.956921+00:00
1081,364206.0,Venezia Football Club,Andrea,Adorante,2000-02-05,2028-06-30,,2026-09-02 22:15:53.956921+00:00
1082,238537.0,Unione Sportiva Lecce,Wladimiro,Falcone,1995-04-12,2028-06-30,,2026-09-02 22:15:53.956921+00:00
1083,215167.0,Unione Sportiva Lecce,Marco,Bleve,1995-10-18,2028-06-30,,2026-09-02 22:15:53.956921+00:00
1084,1112449.0,Unione Sportiva Lecce,,Tiago Gabriel,2004-12-26,2027-06-30,,2026-09-02 22:15:53.956921+00:00
1085,1105124.0,Unione Sportiva Lecce,Elijah,Scott,2006-02-03,2027-06-30,,2026-09-02 22:15:53.956921+00:00
1086,805886.0,Unione Sportiva Lecce,Gaby,Jean,2000-02-19,2027-06-30,,2026-09-02 22:15:53.956921+00:00
1087,1084756.0,Unione Sportiva Lecce,Plamen,Penev,2008-04-22,2027-06-30,,2026-09-02 22:15:53.956921+00:00
1088,836441.0,Unione Sportiva Lecce,,Gaspar,1997-09-27,2027-06-30,,2026-09-02 22:15:53.956921+00:00
1089,667640.0,Unione Sportiva Lecce,Alexandru,Borbei,2003-06-27,2028-06-30,,2026-09-02 22:15:53.956921+00:00
1090,604113.0,Unione Sportiva Lecce,Jamil,Siebert,2002-04-02,2028-06-30,,2026-09-02 22:15:53.956921+00:00
1091,1118086.0,Unione Sportiva Lecce,Sebastian,Esposito,2005-04-21,,,2026-09-02 22:15:53.956921+00:00
1092,1017950.0,Unione Sportiva Lecce,Vernon,Addo,2005-05-24,2028-06-30,,2026-09-02 22:15:53.956921+00:00
1093,1004344.0,Unione Sportiva Lecce,Ali,Dembélé,2004-01-05,2027-06-30,,2026-09-02 22:15:53.956921+00:00
1094,728485.0,Unione Sportiva Lecce,Danilo,Veiga,2002-09-25,2027-06-30,,2026-09-02 22:15:53.956921+00:00
1095,433329.0,Unione Sportiva Lecce,Corrie,Ndaba,1999-12-25,2028-06-30,,2026-09-02 22:15:53.956921+00:00
1096,583046.0,Unione Sportiva Lecce,Medon,Berisha,2003-10-21,2028-06-30,,2026-09-02 22:15:53.956921+00:00
1097,392516.0,Unione Sportiva Lecce,Antonino,Gallo,2000-01-05,2027-06-30,,2026-09-02 22:15:53.956921+00:00
1098,644613.0,Unione Sportiva Lecce,Sadik,Fofana,2003-05-16,2029-06-30,,2026-09-02 22:15:53.956921+00:00
1099,745595.0,Unione Sportiva Lecce,Marlon,Ubani,2005-03-26,2029-06-30,,2026-09-02 22:15:53.956921+00:00
1100,980575.0,Unione Sportiva Lecce,Oumar,Ngom,2004-03-09,2029-06-30,,2026-09-02 22:15:53.956921+00:00
1101,911328.0,Unione Sportiva Lecce,Mohamed,Kaba,2001-10-27,2027-06-30,,2026-09-02 22:15:53.956921+00:00
1102,748679.0,Unione Sportiva Lecce,Olaf,Gorter,2005-01-31,2029-06-30,,2026-09-02 22:15:53.956921+00:00
1103,866607.0,Unione Sportiva Lecce,Niko,Kovač,2005-04-08,2029-06-30,,2026-09-02 22:15:53.956921+00:00
1104,470794.0,Unione Sportiva Lecce,Ivan,Ilić,2001-03-17,2027-06-30,,2026-09-02 22:15:53.956921+00:00
1105,595650.0,Unione Sportiva Lecce,Nikola,Stulic,2001-09-08,2029-06-30,,2026-09-02 22:15:53.956921+00:00
1106,943473.0,Unione Sportiva Lecce,Milos,Jovic,2006-05-22,2029-06-30,,2026-09-02 22:15:53.956921+00:00
1107,931841.0,Unione Sportiva Lecce,Amar,Fatah,2004-02-19,2029-06-30,,2026-09-02 22:15:53.956921+00:00
1108,410787.0,Unione Sportiva Lecce,Joël,Monteiro,1999-08-05,2029-06-30,,2026-09-02 22:15:53.956921+00:00
1109,649490.0,Unione Sportiva Lecce,Konan,N’Dri,2000-10-27,2027-06-30,,2026-09-02 22:15:53.956921+00:00
1110,386552.0,Unione Sportiva Lecce,Lassana,Coulibaly,1996-04-10,2027-06-30,,2026-09-02 22:15:53.956921+00:00
1111,324377.0,Unione Sportiva Lecce,Youssef,Maleh,1998-08-22,2027-06-30,,2026-09-02 22:15:53.956921+00:00
1112,780548.0,Unione Sportiva Lecce,Omri,Gandelman,2000-05-16,2029-06-30,,2026-09-02 22:15:53.956921+00:00
1113,937954.0,Unione Sportiva Lecce,Paco,Esteban,2006-05-02,2028-06-30,,2026-09-02 22:15:53.956921+00:00
1114,1200320.0,Unione Sportiva Lecce,Hjalte,Lærke,2007-04-23,,,2026-09-02 22:15:53.956921+00:00
1115,674806.0,Unione Sportiva Lecce,Santiago,Pierotti,2001-04-03,2027-06-30,,2026-09-02 22:15:53.956921+00:00
1116,463620.0,Unione Sportiva Lecce,Willem,Geubbels,2001-08-16,2030-06-30,,2026-09-02 22:15:53.956921+00:00
1117,340353.0,Udinese Calcio,Maduka,Okoye,1999-08-28,2028-06-30,,2026-09-02 22:15:53.956921+00:00
1118,345452.0,Udinese Calcio,Bartosz,Mrozek,2000-02-23,2030-06-30,,2026-09-02 22:15:53.956921+00:00
1119,222855.0,Udinese Calcio,Jesper,Karlström,1995-06-21,2028-06-30,,2026-09-02 22:15:53.956921+00:00
1120,612059.0,Udinese Calcio,Edoardo,Piana,2003-09-29,,,2026-09-02 22:15:53.956921+00:00
1121,1058354.0,Udinese Calcio,Matteo,Palma,2008-03-13,2031-06-30,,2026-09-02 22:15:53.956921+00:00
1122,336125.0,Udinese Calcio,Mërgim,Vojvoda,1995-02-01,2028-06-30,,2026-09-02 22:15:53.956921+00:00
1123,290017.0,Udinese Calcio,Hassane,Kamara,1994-03-05,2028-06-30,,2026-09-02 22:15:53.956921+00:00
1124,632831.0,Udinese Calcio,Nicolò,Bertola,2003-03-23,2030-06-30,,2026-09-02 22:15:53.956921+00:00
1125,342877.0,Udinese Calcio,Enzo,Ebosse,1999-03-11,2027-06-30,,2026-09-02 22:15:53.956921+00:00
1126,463665.0,Udinese Calcio,Oumar,Solet,2000-02-07,2027-06-30,,2026-09-02 22:15:53.956921+00:00
1127,397225.0,Udinese Calcio,Alessandro,Zanoli,2000-10-03,2029-06-30,,2026-09-02 22:15:53.956921+00:00
1128,27807.0,Udinese Calcio,Daniele,Padelli,1985-10-25,2027-06-30,,2026-09-02 22:15:53.956921+00:00
1129,81512.0,Udinese Calcio,Christian,Kabasele,1991-02-24,2027-06-30,,2026-09-02 22:15:53.956921+00:00
1130,648032.0,Udinese Calcio,James,Abankwah,2004-01-16,2029-06-30,,2026-09-02 22:15:53.956921+00:00
1131,924857.0,Udinese Calcio,Lennon,Miller,2006-08-25,2030-06-30,,2026-09-02 22:15:53.956921+00:00
1132,361068.0,Udinese Calcio,Jurgen,Ekkelenkamp,2000-04-05,2029-06-30,,2026-09-02 22:15:53.956921+00:00
1133,834752.0,Udinese Calcio,Unai,Gómez,2003-05-25,2031-06-30,,2026-09-02 22:15:53.956921+00:00
1134,1118347.0,Udinese Calcio,Juan,Arizala,2005-10-10,2030-06-30,,2026-09-02 22:15:53.956921+00:00
1135,412616.0,Udinese Calcio,Giorgi,Chakvetadze,1999-08-29,2030-06-30,,2026-09-02 22:15:53.956921+00:00
1136,1009633.0,Udinese Calcio,David,Pejičić,2007-06-14,2028-06-30,,2026-09-02 22:15:53.956921+00:00
1137,377243.0,Udinese Calcio,Jakub,Piotrowski,1997-10-04,2029-06-30,,2026-09-02 22:15:53.956921+00:00
1138,1178488.0,Udinese Calcio,Idrissa,Gueye,2006-09-16,2030-06-30,,2026-09-02 22:15:53.956921+00:00
1139,412660.0,Udinese Calcio,Keinan,Davis,1998-02-13,2031-06-30,,2026-09-02 22:15:53.956921+00:00
1140,897505.0,Udinese Calcio,Lazar,Jovanovic,2006-11-30,2031-06-30,,2026-09-02 22:15:53.956921+00:00
1141,375877.0,Udinese Calcio,Vakoun,Bayo,1997-01-10,2028-06-30,,2026-09-02 22:15:53.956921+00:00
1142,392085.0,Udinese Calcio,Nicolò,Zaniolo,1999-07-02,2029-06-30,,2026-09-02 22:15:53.956921+00:00
1143,268429.0,Udinese Calcio,Sandi,Lovrić,1998-03-28,2027-06-30,,2026-09-02 22:15:53.956921+00:00
1144,524010.0,Udinese Calcio,Oier,Zarraga,1999-01-04,2027-06-30,,2026-09-02 22:15:53.956921+00:00
1145,1078784.0,Udinese Calcio,Giulio,Vinciati,2007-08-29,2029-06-30,,2026-09-02 22:15:53.956921+00:00
1146,1438038.0,Genoa Cricket and Football Club,Marcelo,Vaz,2007-07-31,2029-06-30,,2026-09-02 22:15:53.956921+00:00
1147,715894.0,Genoa Cricket and Football Club,David,Puczka,2005-01-26,2031-06-30,,2026-09-02 22:15:53.956921+00:00
1148,167491.0,Genoa Cricket and Football Club,Stefano,Sabelli,1993-01-13,2028-06-30,,2026-09-02 22:15:53.956921+00:00
1149,532937.0,Genoa Cricket and Football Club,Johan,Vásquez,1998-10-22,2028-06-30,,2026-09-02 22:15:53.956921+00:00
1150,367284.0,Genoa Cricket and Football Club,Leo,Østigård,1999-11-28,2030-06-30,,2026-09-02 22:15:53.956921+00:00
1151,818448.0,Genoa Cricket and Football Club,Alessandro,Marcandalli,2002-10-25,2029-06-30,,2026-09-02 22:15:53.956921+00:00
1152,315121.0,Genoa Cricket and Football Club,Justin,Bijlow,1998-01-22,2029-06-30,,2026-09-02 22:15:53.956921+00:00
1153,312773.0,Genoa Cricket and Football Club,Daniele,Sommariva,1997-07-18,,,2026-09-02 22:15:53.956921+00:00
1154,462699.0,Genoa Cricket and Football Club,Franz,Stolz,2001-02-14,2027-06-30,,2026-09-02 22:15:53.956921+00:00
1155,1105948.0,Genoa Cricket and Football Club,Mamedi,Doucouré,2007-01-19,,,2026-09-02 22:15:53.956921+00:00
1156,890385.0,Genoa Cricket and Football Club,Sebastian,Otoa,2004-05-13,2028-06-30,,2026-09-02 22:15:53.956921+00:00
1157,531957.0,Genoa Cricket and Football Club,Cody,Drameh,2001-12-08,,,2026-09-02 22:15:53.956921+00:00
1158,726114.0,Genoa Cricket and Football Club,Mario,Mitaj,2003-08-06,2027-06-30,,2026-09-02 22:15:53.956921+00:00
1159,503871.0,Genoa Cricket and Football Club,Morten,Frendrup,2001-04-07,2028-06-30,,2026-09-02 22:15:53.956921+00:00
1160,94529.0,Genoa Cricket and Football Club,Stephan,El Shaarawy,1992-10-27,,,2026-09-02 22:15:53.956921+00:00
1161,1082774.0,Genoa Cricket and Football Club,,Amorim,2005-05-18,2030-06-30,,2026-09-02 22:15:53.956921+00:00
1162,487843.0,Genoa Cricket and Football Club,Lorenzo,Colombo,2002-03-08,2029-06-30,,2026-09-02 22:15:53.956921+00:00
1163,1355385.0,Genoa Cricket and Football Club,,Robinho Junior,2007-12-17,2027-06-30,,2026-09-02 22:15:53.956921+00:00
1164,212723.0,Genoa Cricket and Football Club,Djibril,Sow,1997-02-06,2030-06-30,,2026-09-02 22:15:53.956921+00:00
1165,391065.0,Genoa Cricket and Football Club,Hamed,Traoré,2000-02-16,2027-06-30,,2026-09-02 22:15:53.956921+00:00
1166,586853.0,Genoa Cricket and Football Club,,Vitinha,2000-03-15,2028-06-30,,2026-09-02 22:15:53.956921+00:00
1167,1172166.0,Genoa Cricket and Football Club,Franz-Ethan,Meichtry,2005-07-08,2030-06-30,,2026-09-02 22:15:53.956921+00:00
1168,1295778.0,Genoa Cricket and Football Club,Samuel,Wiafe,2008-06-22,2030-06-30,,2026-09-02 22:15:53.956921+00:00
1169,449151.0,Genoa Cricket and Football Club,Junior,Messias,1991-05-13,2027-06-30,,2026-09-02 22:15:53.956921+00:00
1170,641537.0,Genoa Cricket and Football Club,Tommaso,Baldanzi,2003-03-23,2027-06-30,,2026-09-02 22:15:53.956921+00:00
1171,566615.0,Genoa Cricket and Football Club,Mikael Egill,Ellertsson,2002-03-11,2029-06-30,,2026-09-02 22:15:53.956921+00:00
1172,1061820.0,Genoa Cricket and Football Club,Lorenzo,Venturino,2006-06-22,2029-06-30,,2026-09-02 22:15:53.956921+00:00
1173,542819.0,Genoa Cricket and Football Club,Milutin,Osmajic,1999-07-25,2029-06-30,,2026-09-02 22:15:53.956921+00:00
1174,1089770.0,Genoa Cricket and Football Club,Joi,Nuredini,2007-08-05,2029-06-30,,2026-09-02 22:15:53.956921+00:00
1175,566626.0,Genoa Cricket and Football Club,Elias,Havel,2003-04-16,2030-06-30,,2026-09-02 22:15:53.956921+00:00
1176,,,,,,,1012.0,2026-09-02 22:15:53.956921+00:00
1177,,,,,,,759.0,2026-09-02 22:15:53.956921+00:00
1178,,,,,,,260.0,2026-09-02 22:15:53.956921+00:00
1179,,,,,,,973.0,2026-09-02 22:15:53.956921+00:00
1180,,,,,,,971.0,2026-09-02 22:15:53.956921+00:00
753,96254.0,Associazione Calcio Milan,Pietro,Terracciano,1990-03-08,2027-06-30,483.0,2026-09-02 22:15:53.956921+00:00
762,631007.0,Associazione Calcio Milan,Filippo,Terracciano,2003-02-08,2028-06-30,483.0,2026-09-02 22:15:53.956921+00:00
